#{"t_start": 1758848061.737221, "env_id": "None"}
r,l,t,success,distance
-138.869616,500,151.190494,False,0.3690424859523773
-66.691532,500,151.870997,False,0.13573086261749268
-58.485022,500,152.532075,False,0.11824443936347961
-126.65035,500,153.148382,False,0.29760992527008057
-117.24899,500,153.81824,False,0.3222740888595581
-116.814501,500,154.523491,False,0.3583293557167053
-119.728162,500,155.252738,False,0.29653242230415344
-129.747928,500,155.919604,False,0.23835241794586182
-132.081279,500,156.56072,False,0.3459744155406952
-129.876357,500,157.179339,False,0.3290139436721802
-103.370784,500,608.279157,False,0.12505298852920532
-77.295673,500,608.94352,False,0.11785709112882614
-116.790285,500,609.637624,False,0.17334386706352234
-88.699569,500,610.319101,False,0.1356191635131836
-1.684478,55,610.401344,True,0.049983955919742584
-45.390628,500,611.081823,False,0.06485336273908615
-9.129724,129,611.271568,True,0.04894904047250748
-74.928155,500,611.942528,False,0.12287258356809616
-69.868337,500,612.584219,False,0.1006721556186676
1.499102,24,612.622283,True,0.048070430755615234
1.597032,25,1071.51483,True,0.048945166170597076
-19.277329,163,1071.813318,True,0.0488370843231678
-59.765557,500,1072.747334,False,0.0585484653711319
-5.588129,71,1072.885318,True,0.049578700214624405
-2.285215,45,1072.975472,True,0.04965231940150261
-7.505959,65,1073.104968,True,0.046526893973350525
-82.224964,500,1073.998024,False,0.09320011734962463
-70.660024,500,1074.901414,False,0.11461866647005081
2.494257,23,1074.955632,True,0.049815040081739426
-4.280999,48,1075.049925,True,0.04594437777996063
-12.626157,127,1534.555319,True,0.04748671501874924
-13.384389,131,1534.789712,True,0.04940597712993622
0.550031,26,1534.846166,True,0.0487532801926136
-3.681122,60,1534.953206,True,0.0476461760699749
-40.761038,190,1535.264176,True,0.04799647256731987
-23.084596,111,1535.449295,True,0.0496230311691761
-3.841017,73,1535.580309,True,0.04957949370145798
-50.381407,500,1536.431744,False,0.06294529885053635
-82.718586,500,1537.282226,False,0.11233837902545929
-9.556362,61,1537.405185,True,0.04764506593346596
-4.80557,63,2032.476714,True,0.048974137753248215
-7.278412,72,2032.587165,True,0.048489149659872055
-17.447602,117,2032.755083,True,0.04691029340028763
-19.360172,106,2032.934034,True,0.04968515783548355
-8.560411,71,2033.077609,True,0.04623386636376381
3.186901,15,2033.111256,True,0.04778802767395973
-3.592225,59,2033.187735,True,0.049266573041677475
-8.810013,72,2033.307379,True,0.04961513355374336
-1.858065,45,2033.378359,True,0.0487445630133152
-57.038375,500,2034.36288,False,0.08392643928527832
-47.974646,500,2545.478858,False,0.062637560069561
2.952379,15,2545.508697,True,0.04897041991353035
3.365361,13,2545.534425,True,0.049432940781116486
-14.375375,85,2545.695652,True,0.048870522528886795
-2.747835,52,2545.7709,True,0.04885201156139374
-5.503556,64,2545.869808,True,0.04988674446940422
-10.338347,80,2546.0106,True,0.0475841723382473
1.64325,24,2546.060457,True,0.04991985112428665
-4.367814,62,2546.171548,True,0.047961123287677765
3.224541,14,2546.194217,True,0.04995210841298103
-18.720979,119,3092.413888,True,0.04813133180141449
-12.489181,79,3092.560951,True,0.04616733640432358
2.556134,18,3092.605268,True,0.04808303341269493
-3.357567,47,3092.695999,True,0.04992784187197685
-17.04507,123,3092.934774,True,0.04844995215535164
4.905123,1,3092.947616,True,0.039012499153614044
-19.505189,118,3093.176075,True,0.04942382127046585
-10.138891,105,3093.403169,True,0.02473171427845955
-13.319961,118,3093.63939,True,0.04957074671983719
-4.899473,57,3093.75149,True,0.049461912363767624
-14.593315,85,3625.27102,True,0.04981183633208275
-35.513023,500,3626.184451,False,0.05120638385415077
-0.982483,34,3626.255918,True,0.04790119454264641
-7.642985,77,3626.406964,True,0.0482388511300087
-4.707887,71,3626.546193,True,0.049774039536714554
2.618433,19,3626.591571,True,0.04878639429807663
-64.174902,500,3627.510149,False,0.0744175836443901
3.101987,15,3627.546048,True,0.04862175136804581
-2.914183,37,3627.622285,True,0.04775619879364967
-7.034888,79,3627.768933,True,0.04813574254512787
-5.885096,70,4172.189782,True,0.04967881739139557
-0.4299,41,4172.277882,True,0.04957498237490654
-17.495824,114,4172.507568,True,0.04893341287970543
-5.499197,57,4172.58348,True,0.0483163520693779
-1.178897,38,4172.667877,True,0.04953623563051224
-5.416395,52,4172.776534,True,0.04926140233874321
-2.42295,48,4172.879951,True,0.04964818060398102
1.589697,27,4172.949095,True,0.049176182597875595
3.433639,11,4172.983072,True,0.04789628088474274
-5.386894,54,4173.091974,True,0.04816392436623573
-8.513009,69,4729.080497,True,0.04884743317961693
-4.447376,66,4729.216383,True,0.049763355404138565
-18.292087,107,4729.415647,True,0.04800082743167877
-9.07538,68,4729.556177,True,0.04798687621951103
-17.972607,124,4729.796855,True,0.04949141666293144
-7.762617,62,4729.91868,True,0.04805701598525047
-61.267349,500,4730.946765,False,0.07146618515253067
-10.749,78,4731.088813,True,0.04880658909678459
-4.737734,62,4731.199963,True,0.048004262149333954
3.855578,10,4731.229915,True,0.04921986162662506
0.650125,25,5282.829395,True,0.04794558882713318
-12.458594,106,5283.027861,True,0.048199158161878586
-2.491461,57,5283.136721,True,0.04956212639808655
-6.712776,71,5283.276898,True,0.049592070281505585
-8.39576,68,5283.398642,True,0.048382002860307693
-19.488242,113,5283.614999,True,0.04868609458208084
2.322005,20,5283.666338,True,0.049501750618219376
-7.342996,58,5283.788188,True,0.0447673425078392
-9.00568,63,5283.90857,True,0.04727087542414665
-14.795307,87,5284.085404,True,0.04988314211368561
1.543819,26,5761.669647,True,0.048336371779441833
2.622932,18,5761.714237,True,0.04674104228615761
-0.580426,34,5761.774645,True,0.048503145575523376
-62.108884,500,5762.840384,False,0.08265209197998047
-10.932503,71,5762.960085,True,0.047592706978321075
-28.775354,123,5763.158067,True,0.04892922192811966
-9.439946,92,5763.341557,True,0.049659889191389084
-2.785796,38,5763.411381,True,0.04880153015255928
-6.184635,79,5763.538824,True,0.04997863620519638
-18.864696,86,5763.687304,True,0.04914218932390213
-4.903269,44,6205.129711,True,0.0478210486471653
-21.251915,150,6205.345073,True,0.04923415184020996
-1.058393,43,6205.416194,True,0.04976322874426842
-4.817304,53,6205.507772,True,0.04874354600906372
-5.729656,60,6205.587361,True,0.04881264641880989
3.620372,11,6205.609332,True,0.04887717217206955
4.882669,1,6205.618585,True,0.04992497339844704
-1.955803,43,6205.680241,True,0.04933032765984535
-2.743707,45,6205.749897,True,0.04934731125831604
4.251737,6,6205.764856,True,0.047850802540779114
-1.410007,34,6682.992261,True,0.048984576016664505
-3.216068,51,6683.075838,True,0.048632923513650894
1.061354,24,6683.111578,True,0.04951491951942444
-33.668282,138,6683.340802,True,0.04902119189500809
2.690562,17,6683.383042,True,0.04726121574640274
-9.786261,91,6683.513503,True,0.04894648864865303
-2.977264,62,6683.625953,True,0.048175081610679626
4.151435,7,6683.650196,True,0.04875030368566513
4.886296,1,6683.65768,True,0.04377518966794014
-2.596325,52,6683.73239,True,0.04775378480553627
1.701873,22,7188.78343,True,0.04811805859208107
-0.623133,34,7188.849114,True,0.04869135841727257
4.880167,1,7188.864642,True,0.04840836673974991
-19.408428,103,7189.057745,True,0.049200013279914856
-7.463116,74,7189.190843,True,0.04935024678707123
4.756602,2,7189.207571,True,0.04634999856352806
4.011266,8,7189.223036,True,0.04825001209974289
1.34724,28,7189.273901,True,0.04941292479634285
1.031117,28,7189.339495,True,0.048917703330516815
-0.531629,42,7189.412973,True,0.049698781222105026
-4.370434,61,7713.09551,True,0.04867630824446678
-2.845251,49,7713.201223,True,0.0483279749751091
0.028671,32,7713.28594,True,0.048134565353393555
-9.885386,57,7713.397014,True,0.04870988801121712
-65.060937,500,7714.56,False,0.09894309192895889
-4.353872,61,7714.699762,True,0.04846307262778282
-1.554208,39,7714.790032,True,0.04943808540701866
-8.393691,73,7714.98665,True,0.04742835834622383
-31.683305,136,7715.280719,True,0.04875890910625458
-5.880434,71,7715.437256,True,0.0492260605096817
-2.322084,49,8277.602514,True,0.04994015768170357
-25.229512,109,8277.825048,True,0.049467265605926514
-3.504667,60,8277.945036,True,0.04871170595288277
-2.825878,60,8278.059195,True,0.04930540919303894
-5.237329,61,8278.172668,True,0.04996294155716896
0.897153,24,8278.22505,True,0.04954913258552551
4.271432,6,8278.25034,True,0.04988470673561096
-18.06285,105,8278.52401,True,0.04942922666668892
-2.089395,40,8278.608007,True,0.04958084598183632
-7.266991,63,8278.732447,True,0.04669077321887016
-14.478829,95,8837.047071,True,0.04989228770136833
3.946716,8,8837.068967,True,0.049996212124824524
3.838429,9,8837.096246,True,0.046351268887519836
-3.558572,47,8837.194807,True,0.04775700718164444
-8.293133,76,8837.345104,True,0.048843253403902054
-6.630652,50,8837.435843,True,0.04758002609014511
1.909631,24,8837.479283,True,0.04996020346879959
0.822056,27,8837.543979,True,0.049739621579647064
-1.293941,43,8837.683672,True,0.048540856689214706
4.036442,9,8837.712746,True,0.048798106610774994
-2.178138,43,10790.95084,True,0.04927728697657585
-10.269096,89,10791.770341,True,0.049992360174655914
-24.381004,130,10792.897247,True,0.047408461570739746
-6.150537,52,10793.404924,True,0.048869431018829346
-7.655733,60,10793.93645,True,0.049292273819446564
-6.09367,62,10794.523793,True,0.04852219298481941
4.891268,1,10794.582182,True,0.04530296102166176
-11.482903,83,10795.302518,True,0.04884273558855057
-6.765667,64,10795.918185,True,0.04940685257315636
-14.051028,95,10796.807044,True,0.04995183274149895
4.900244,1,11425.711819,True,0.04156186431646347
-6.012763,48,11425.781045,True,0.047515738755464554
-9.202387,89,11425.898415,True,0.04996510222554207
2.978166,16,11425.927845,True,0.048077259212732315
-0.6163,30,11425.967505,True,0.04690490663051605
2.119627,20,11426.013092,True,0.04971955344080925
0.975708,30,11426.068829,True,0.049726054072380066
-2.170064,45,11426.136642,True,0.04778556898236275
-5.612687,64,11426.245663,True,0.049144573509693146
4.884131,1,11426.258287,True,0.040748849511146545
-8.520462,78,11428.181991,True,0.04862796887755394
-17.960045,96,11428.300456,True,0.04982027783989906
3.293637,13,11428.327608,True,0.04777326434850693
-2.421628,59,11428.402933,True,0.049393489956855774
3.037437,13,11428.42666,True,0.0473947674036026
-0.045516,31,11428.48229,True,0.04706263542175293
0.944283,29,11428.530602,True,0.048048727214336395
4.900861,1,11428.539921,True,0.04081106185913086
4.898206,1,11428.548173,True,0.041191887110471725
-42.353794,500,11429.28719,False,0.05896787345409393
433.678712,True,0.0475321002304554
-5.814647,59,1435.297062,True,0.04892716929316521
-7.211219,66,1437.027896,True,0.04973459243774414
-11.858531,97,1440.458871,True,0.04902050271630287
-1.569497,34,1440.524487,True,0.049685195088386536
2.566352,23,1440.583282,True,0.04999922588467598
-7.751711,71,1443.825444,True,0.049579501152038574
-7.638576,86,1445.58814,True,0.04946975037455559
-7.031789,82,1447.299876,True,0.04928278550505638
-51.773134,500,1461.107839,False,0.06933198124170303
-2.085358,51,1462.760851,True,0.04968300461769104
-4.837862,68,1464.436177,True,0.04988238587975502
-11.268984,88,1466.087307,True,0.048762038350105286
-1.214689,47,1467.867205,True,0.049821268767118454
-10.415689,81,1469.524674,True,0.0488252267241478
-12.983484,81,1471.196594,True,0.04870360717177391
4.905624,1,1471.207621,True,0.04652819409966469
-8.186625,82,1474.670186,True,0.049347005784511566
-12.052104,113,1478.113217,True,0.04925055429339409
0.144734,32,1478.164769,True,0.04809810593724251
-3.523765,58,1479.847273,True,0.04936033487319946
2.407611,20,1479.880886,True,0.04651808366179466
-15.283799,101,1483.27819,True,0.04878176003694534
3.800795,10,1483.301582,True,0.0498942956328392
-4.223441,49,1485.044405,True,0.04806264862418175
-8.201273,85,1486.762241,True,0.04756174981594086
-2.87745,38,1488.42201,True,0.049600161612033844
-3.779254,82,1490.227416,True,0.04863443598151207
-12.617714,109,1493.69465,True,0.049266207963228226
-38.855943,274,1500.694993,True,0.048015039414167404
-64.879368,500,1514.851705,False,0.07989681512117386
-6.098558,47,1514.938975,True,0.04836079105734825
-44.824736,401,1528.220631,True,0.04912382736802101
3.012836,15,1528.263443,True,0.0495784692466259
-13.170277,88,1530.496448,True,0.047980546951293945
2.028428,25,1532.625161,True,0.04989508539438248
-3.372202,60,1534.789366,True,0.04904472082853317
-19.652098,133,1542.337192,True,0.049342572689056396
-60.901497,431,1557.724455,True,0.04980867728590965
-23.53357,138,1562.005957,True,0.049571551382541656
-1.07859,37,1562.073271,True,0.046991217881441116
-0.180154,31,1564.130163,True,0.04907921701669693
2.920222,19,1564.162476,True,0.04758921638131142
-7.388222,73,1566.376932,True,0.04965473338961601
-56.217542,500,1583.677038,False,0.06000864878296852
-14.902435,181,1590.041257,True,0.04948664456605911
-12.534055,124,1594.398795,True,0.04968508332967758
-7.555396,120,1598.737371,True,0.0497957207262516
-26.215692,188,1604.07651,True,0.04940851032733917
-10.296422,72,1605.843418,True,0.04758590832352638
-8.345977,77,1607.651019,True,0.04983410984277725
4.73561,3,1607.665436,True,0.047626301646232605
-15.786811,177,1612.887509,True,0.04966059699654579
4.717774,3,1612.89967,True,0.048383455723524094
4.92482,1,1612.907682,True,0.025539709255099297
0.015422,36,1612.973239,True,0.04976337030529976
-0.520492,37,1614.757868,True,0.04814031720161438
-6.352246,75,1616.646554,True,0.04996570944786072
-18.682273,95,1620.940844,True,0.04711902514100075
-7.041056,73,1622.825442,True,0.049836091697216034
1.895966,24,1622.869721,True,0.04807789996266365
-9.827037,63,1624.731578,True,0.04807509854435921
-27.657267,150,1628.404082,True,0.048370931297540665
-8.79634,68,1630.051358,True,0.04942970350384712
-9.302348,88,1633.394261,True,0.049648988991975784
-6.67843,88,1635.387659,True,0.049766071140766144
4.901556,1,1635.400683,True,0.0447094552218914
1.613277,25,1637.538032,True,0.04826601594686508
-14.684268,111,1639.429492,True,0.049549996852874756
-15.024887,107,1643.441427,True,0.04736645892262459
-12.666739,167,1650.009359,True,0.04934162274003029
-10.567665,74,1652.310374,True,0.04885842651128769
-4.565805,62,1654.631459,True,0.049666620790958405
3.436172,13,1654.660832,True,0.04732096940279007
-8.446701,62,1656.84349,True,0.049315404146909714
-2.791724,46,1659.06362,True,0.04869413375854492
-0.829112,38,1659.154239,True,0.04989640414714813
-9.657758,69,1661.423369,True,0.049504224210977554
-9.16446,85,1665.697815,True,0.04959293454885483
-6.444545,72,1667.916583,True,0.04825470596551895
-24.297753,137,1672.3495,True,0.04798630625009537
-17.609038,110,1676.707908,True,0.04966270178556442
0.613969,26,1676.76389,True,0.047116633504629135
-12.13385,81,1678.944419,True,0.049938809126615524
-1.32665,46,1681.070884,True,0.04794122278690338
-20.50849,86,1683.296729,True,0.04518752172589302
-7.262122,71,1685.502347,True,0.0491044819355011
-9.447642,97,1689.858608,True,0.04991994798183441
2.019783,21,1689.914396,True,0.04828575253486633
-22.995,144,1697.025467,True,0.04826335981488228
-16.272871,91,1699.285606,True,0.047443244606256485
-10.463717,96,1701.602845,True,0.04915081709623337
-5.319514,66,1706.003216,True,0.04973510652780533
-13.903128,87,1708.37295,True,0.049557171761989594
3.578815,11,1708.411966,True,0.04830468073487282
-1.962328,46,1710.589347,True,0.04889552295207977
1.423165,23,1710.655143,True,0.04979437217116356
-5.357727,66,1712.883982,True,0.04943249002099037
-16.441634,132,1717.352151,True,0.048899099230766296
-25.934257,109,1721.643508,True,0.04870437830686569
-12.59121,106,1726.09966,True,0.0462251752614975
-9.324464,72,1728.380666,True,0.04964882507920265
-1.685481,47,1728.492765,True,0.04769832640886307
-17.432961,94,1732.71999,True,0.048464927822351456
-16.415635,96,1735.06559,True,0.048579227179288864
-8.482573,74,1739.150206,True,0.049847617745399475
-14.156846,94,1740.896277,True,0.04987320303916931
-9.56312,74,1742.637918,True,0.04930659383535385
-13.798601,89,1746.218168,True,0.049492038786411285
4.343963,6,1746.232895,True,0.04911447688937187
-0.076313,34,1746.293486,True,0.04895217716693878
-9.800134,80,1748.19109,True,0.048139601945877075
-3.832566,56,1749.934418,True,0.049636632204055786
3.145007,14,1751.572324,True,0.0456639789044857
-24.599656,116,1753.612763,True,0.048821743577718735
-13.227274,94,1757.220288,True,0.049624983221292496
4.487808,5,1757.237863,True,0.049457233399152756
-9.928561,87,1759.247282,True,0.04920969530940056
-5.332862,60,1761.018153,True,0.04954027384519577
2.401113,19,1762.676259,True,0.0493689626455307
-14.603937,80,1764.529723,True,0.04690567031502724
-3.756967,56,1766.496902,True,0.049064427614212036
-2.76462,42,1766.561992,True,0.047382719814777374
0.169805,35,1768.319799,True,0.04947466403245926
2.985338,17,1768.361748,True,0.04893046244978905
0.908751,36,1770.026649,True,0.04987021163105965
-10.38469,79,1772.247318,True,0.0499267652630806
-63.756683,500,1789.082357,False,0.07263194024562836
-5.293472,80,1791.31499,True,0.049036912620067596
-1.180094,39,1793.119942,True,0.048649102449417114
-9.565289,79,1794.852533,True,0.04861553758382797
4.404597,5,1794.874622,True,0.04524630680680275
-4.76764,52,1796.494712,True,0.048260822892189026
-4.821994,81,1798.247679,True,0.04890439659357071
-2.707707,61,1799.969521,True,0.049376942217350006
0.958118,31,1800.02356,True,0.04951058700680733
2.819208,18,1801.804717,True,0.048083726316690445
1.055822,31,1801.858531,True,0.04886274039745331
4.903265,1,1801.873585,True,0.03962862864136696
-7.198683,60,1803.774522,True,0.04752478003501892
-13.373738,95,1807.260661,True,0.04932437092065811
-1.952279,42,1807.327622,True,0.04979349672794342
-0.005994,34,1809.08409,True,0.049613699316978455
-1.189056,36,1809.140942,True,0.04965322092175484
2.427666,22,1810.758157,True,0.049404166638851166
-6.452596,66,1812.441598,True,0.047131966799497604
-34.318589,174,1816.025478,True,0.047498542815446854
-2.153436,41,1817.774735,True,0.04829927533864975
-4.880282,57,1819.497783,True,0.04887821152806282
-14.001366,166,1824.815495,True,0.046385716646909714
-55.169615,500,1838.353852,False,0.05433344468474388
-13.470545,92,1842.085537,True,0.049699436873197556
-0.395422,29,1842.152659,True,0.04636058211326599
-31.187657,245,1851.33377,True,0.04859844222664833
-0.339766,34,1853.569523,True,0.04904310032725334
-0.669585,46,1853.658917,True,0.04930099472403526
-2.522979,45,1855.83466,True,0.04768908768892288
1.282956,31,1857.958149,True,0.049778591841459274
-53.852468,452,1873.606833,True,0.04932666942477226
2.741696,16,1873.657318,True,0.049424249678850174
0.173228,36,1873.74649,True,0.048638321459293365
-9.106056,77,1878.218103,True,0.048173949122428894
1.37551,29,1878.304799,True,0.04947579652070999
-12.844685,87,1880.731912,True,0.048837874084711075
1.947934,23,1882.997585,True,0.04803985729813576
0.195507,28,1883.088975,True,0.04959265515208244
-21.620781,116,1888.018825,True,0.049595385789871216
-19.985372,121,1892.603354,True,0.04839194566011429
-6.373181,78,1895.24145,True,0.04964302107691765
-7.610206,86,1897.61616,True,0.04818952456116676
4.348948,6,1900.406445,True,0.04833335056900978
-20.960268,194,1907.618148,True,0.049620192497968674
2.377775,22,1907.67986,True,0.04886851832270622
-4.502812,67,1910.005234,True,0.04970557615160942
-5.47516,56,1912.393967,True,0.04625992104411125
-11.914495,91,1914.837522,True,0.04836369305849075
-2.190752,49,1917.073452,True,0.04996828734874725
-1.026411,43,1919.205266,True,0.048603158444166183
-3.583482,55,1921.309905,True,0.04858531802892685
-3.446084,61,1923.487091,True,0.04960676282644272
4.022878,8,1923.513038,True,0.04993521049618721
-22.911486,150,1928.141825,True,0.049688175320625305
-15.864251,98,1932.668914,True,0.047608330845832825
-3.381917,44,1932.764555,True,0.0479581393301487
-2.388349,45,1935.021418,True,0.04903647303581238
4.929908,1,1935.039948,True,0.014818723313510418
-6.179431,73,1937.300186,True,0.04807206615805626
-10.248015,110,1941.781901,True,0.04996040463447571
-8.217766,82,1944.156162,True,0.04970597103238106
-12.705001,62,1946.451767,True,0.04557928442955017
-0.624845,32,1948.757025,True,0.04810858890414238
-8.851238,82,1951.077696,True,0.049177493900060654
-59.465557,500,1969.60503,False,0.0648292750120163
4.90003,1,1969.625702,True,0.04218956455588341
-48.416773,500,1985.305689,False,0.05150551721453667
-9.207587,84,1989.626534,True,0.048447009176015854
-9.361273,79,1991.793506,True,0.04881881922483444
-67.008858,500,2009.234329,False,0.07205916941165924
-7.083472,68,2011.413609,True,0.047736234962940216
-3.866014,66,2013.614287,True,0.04927220940589905
-3.915491,69,2015.678853,True,0.04898291826248169
-8.594122,79,2017.849216,True,0.049229562282562256
-6.035093,71,2019.964672,True,0.04991846904158592
-8.094229,74,2024.200931,True,0.047975681722164154
-61.961343,426,2039.24576,True,0.049809955060482025
-25.523831,127,2043.590153,True,0.04854433238506317
2.016296,23,2045.646469,True,0.04947798699140549
-12.568514,72,2047.864794,True,0.048196159303188324
-11.088067,89,2050.25323,True,0.048452187329530716
-7.69469,80,2052.483952,True,0.04929327964782715
0.565071,27,2054.316839,True,0.04879584535956383
-11.39537,83,2056.11185,True,0.048298317939043045
-1.606748,46,2057.831486,True,0.04902976378798485
-4.920358,48,2057.911846,True,0.04917406663298607
-10.590004,87,2061.429583,True,0.04987198859453201
-1.227781,37,2061.48891,True,0.04997316375374794
-29.693182,135,2066.692156,True,0.04953685775399208
3.4778,15,2066.720142,True,0.047022346407175064
-13.490825,86,2068.551397,True,0.04861901327967644
-6.632779,63,2070.258944,True,0.049475427716970444
-14.823848,71,2071.987156,True,0.04547913372516632
4.57262,4,2071.999975,True,0.04950359836220741
-12.264041,85,2075.493945,True,0.047713376581668854
-7.301832,68,2077.173313,True,0.049333903938531876
2.551659,17,2077.209831,True,0.04912818595767021
-10.231636,68,2079.042623,True,0.04741858318448067
-0.422205,34,2081.055402,True,0.047191981226205826
1.991845,23,2081.094432,True,0.04873454570770264
-11.554777,76,2083.121536,True,0.046923212707042694
-23.746391,113,2087.286944,True,0.04894280806183815
-9.105076,68,2089.546983,True,0.0498395711183548
-11.302037,79,2091.780692,True,0.04921892285346985
-9.954288,70,2094.01016,True,0.048972684890031815
4.899195,1,2094.023732,True,0.044626351445913315
-1.195462,44,2096.214032,True,0.0492408312857151
-8.704274,70,2098.384706,True,0.048239100724458694
-12.10544,97,2102.798527,True,0.049796514213085175
-16.70931,105,2105.216856,True,0.04889421537518501
-65.134412,500,2123.776011,False,0.08150199800729752
-8.926322,68,2126.165578,True,0.049939874559640884
-0.304581,33,2128.543809,True,0.04828972741961479
-22.739134,110,2131.074729,True,0.04718036577105522
4.342265,6,2131.09087,True,0.049202095717191696
-8.39572,69,2133.410918,True,0.0479794479906559
-1.352543,46,2135.718583,True,0.04935101047158241
4.383088,5,2135.736775,True,0.04966584965586662
-8.08683,70,2138.087962,True,0.04856054112315178
-2.162733,44,2140.404306,True,0.04913564771413803
-19.156747,106,2145.051544,True,0.04865329712629318
2.516142,20,2145.109607,True,0.04926033318042755
-12.676992,86,2147.556413,True,0.04961240664124489
-1.458866,46,2149.847064,True,0.04878984019160271
-2.058824,42,2152.145868,True,0.048967089504003525
-5.159904,71,2154.624383,True,0.04901279881596565
-7.374025,56,2156.918407,True,0.04838082566857338
-10.626399,73,2159.267189,True,0.049404777586460114
-2.403907,44,2161.398106,True,0.047654472291469574
1.386069,21,2161.433134,True,0.047241877764463425
-4.094502,41,2161.51859,True,0.04790859669446945
-11.739477,85,2165.75733,True,0.04994582384824753
-13.873367,80,2168.067579,True,0.049284614622592926
0.648906,37,2170.128361,True,0.04995543509721756
-8.696827,71,2172.320211,True,0.0487893745303154
-2.592247,51,2174.455339,True,0.04894714802503586
-6.012536,70,2176.768365,True,0.04777044430375099
-1.58643,53,2176.895653,True,0.04975827783346176
-96.695433,500,2194.357069,False,0.15906865894794464
-19.875183,130,2198.68538,True,0.04995442554354668
-6.179712,63,2200.794818,True,0.04999542236328125
-7.335256,81,2204.937788,True,0.04749452695250511
-10.510863,59,2205.07796,True,0.04416947066783905
-28.501877,265,2215.785162,True,0.04987606778740883
-3.641567,53,2215.90627,True,0.04984109476208687
3.65464,10,2217.939588,True,0.04975802078843117
-7.96639,84,2220.137839,True,0.0499139241874218
0.1401,34,2220.217455,True,0.04801276698708534
-3.931346,51,2222.270476,True,0.048669472336769104
-9.364407,83,2226.432023,True,0.04930004104971886
-1.697585,47,2226.518608,True,0.04891306906938553
-19.165556,153,2232.967973,True,0.048524465411901474
-1.958927,55,2235.102488,True,0.04939132556319237
-21.066726,112,2237.346786,True,0.048523321747779846
-5.181512,75,2239.528733,True,0.049545157700777054
4.893194,1,2239.54218,True,0.042611896991729736
2.652005,16,2241.620437,True,0.04926382377743721
-4.826809,70,2243.839996,True,0.04989533871412277
-8.877643,77,2246.001081,True,0.046584561467170715
-10.128887,104,2250.261987,True,0.04906391724944115
-2.764493,39,2250.346909,True,0.04793107137084007
-72.115671,500,2267.33399,False,0.20350076258182526
-4.925226,70,2269.489189,True,0.04865594953298569
1.080131,32,2271.549677,True,0.04899313300848007
-93.611401,500,2286.820322,False,0.1724412441253662
-23.947928,117,2291.224632,True,0.04970201104879379
3.494479,13,2293.321418,True,0.04803876206278801
-2.804065,44,2293.426328,True,0.04912649467587471
1.984941,24,2295.499592,True,0.04763846471905708
-1.65766,39,2295.591119,True,0.046141114085912704
-4.44271,55,2297.782999,True,0.047482315450906754
-9.101909,66,2299.960073,True,0.04909121245145798
-29.319025,152,2304.342888,True,0.04996193200349808
4.892662,1,2304.351241,True,0.04311485216021538
-16.592493,87,2308.474831,True,0.04898475483059883
3.691533,11,2308.497381,True,0.047896966338157654
-8.840744,60,2310.630861,True,0.04981166496872902
-7.903315,52,2312.755562,True,0.04849575459957123
-5.71505,56,2314.898328,True,0.04942169412970543
-20.352028,82,2317.086691,True,0.04875095561146736
-6.65143,65,2319.213065,True,0.04865561053156853
3.239462,15,2319.257693,True,0.04900699108839035
-16.251474,97,2323.49518,True,0.049686409533023834
0.85649,27,2323.557829,True,0.04667093977332115
-16.308434,90,2325.775711,True,0.047882720828056335
0.182049,38,2327.872452,True,0.04971757531166077
-15.607039,102,2332.100054,True,0.048955582082271576
-20.729629,158,2336.571983,True,0.048794224858284
-12.831945,81,2338.787699,True,0.04928247630596161
-7.32208,74,2343.000973,True,0.049164582043886185
-10.23098,74,2345.282752,True,0.04956384375691414
-3.420274,49,2345.399366,True,0.04643191397190094
-3.117188,37,2347.561828,True,0.044072508811950684
-10.709195,82,2349.749522,True,0.04731614887714386
4.520886,4,2349.769212,True,0.04871875047683716
-5.601297,75,2353.914394,True,0.048619989305734634
0.851838,25,2353.983941,True,0.04730524495244026
-16.044808,110,2358.193338,True,0.04917018115520477
-15.290502,97,2360.387105,True,0.04985549673438072
-0.479314,36,2362.514744,True,0.048455070704221725
3.867233,10,2362.543113,True,0.04953257739543915
1.114543,33,2362.624503,True,0.04724199324846268
-20.288193,100,2366.835387,True,0.0458606593310833
-6.270722,64,2368.967995,True,0.04889896884560585
2.581211,20,2369.020519,True,0.049422603100538254
-20.803741,109,2373.395564,True,0.047106798738241196
-8.36851,59,2375.48089,True,0.048223428428173065
-7.757376,68,2377.687854,True,0.04723600670695305
-0.200283,37,2379.813449,True,0.04990028217434883
-51.551465,442,2393.022682,True,0.0499114990234375
-5.730446,84,2397.310437,True,0.0492558591067791
-32.242488,134,2401.59315,True,0.04761814698576927
-9.102381,80,2403.771902,True,0.049675386399030685
-10.71336,104,2408.161773,True,0.048008259385824203
-3.613722,51,2410.298135,True,0.04839024320244789
-0.475762,46,2410.408421,True,0.04965529590845108
4.346625,6,2410.432728,True,0.049303825944662094
-3.644573,74,2414.62582,True,0.04982253164052963
-13.939151,69,2416.771533,True,0.047973357141017914
-20.81356,101,2418.995252,True,0.04911015182733536
0.325315,35,2421.086753,True,0.04874178767204285
4.925732,1,2421.099566,True,0.023646434769034386
-7.623191,74,2423.240198,True,0.049725282937288284
-2.984694,59,2425.423071,True,0.04805179312825203
-4.799778,55,2427.476328,True,0.049578744918107986
-9.003624,84,2429.639038,True,0.048366714268922806
-6.251841,64,2431.867298,True,0.04814895614981651
-28.349575,128,2436.115282,True,0.04827965795993805
-11.598027,83,2438.258123,True,0.04976896196603775
1.967629,23,2440.323368,True,0.04978890344500542
-9.813127,101,2442.536381,True,0.04842029884457588
2.494729,16,2442.584181,True,0.046048976480960846
-9.932048,81,2446.831277,True,0.04861437529325485
4.509038,4,2446.851612,True,0.049737054854631424
-14.475633,117,2451.143104,True,0.04963546618819237
-10.993501,92,2453.369604,True,0.04874851554632187
-14.157503,105,2457.612705,True,0.04977770894765854
-16.908337,83,2459.867964,True,0.04960548132658005
-6.583796,67,2462.011942,True,0.048178184777498245
-20.556331,117,2466.224766,True,0.04957970604300499
-20.708805,108,2470.53854,True,0.04663577675819397
-8.708541,78,2472.726574,True,0.04944932460784912
-57.033812,500,2490.204656,False,0.05167549103498459
-48.110012,500,2506.059915,False,0.06531460583209991
-13.866387,134,2512.529118,True,0.04941131919622421
2.70549,21,2512.588879,True,0.049980394542217255
-3.258221,53,2514.645909,True,0.04999203234910965
1.714124,31,2514.726066,True,0.04976968094706535
-2.872338,47,2516.863599,True,0.048225000500679016
-51.170361,245,2525.505161,True,0.049748290330171585
-5.761703,56,2527.706353,True,0.047644831240177155
-8.076288,68,2529.869464,True,0.048192959278821945
2.847883,16,2529.920496,True,0.048114292323589325
-1.830705,47,2532.152129,True,0.04908698797225952
-17.568734,102,2534.542265,True,0.04734461382031441
-6.697001,58,2536.775465,True,0.04660230129957199
-1.38672,46,2539.366246,True,0.04916062951087952
2.054162,28,2539.440007,True,0.049588460475206375
4.528485,4,2539.460443,True,0.049849167466163635
-10.106163,92,2546.755867,True,0.04995821788907051
1.336835,23,2546.81828,True,0.04793737083673477
-5.892994,94,2551.436945,True,0.04953915253281593
3.158192,14,2551.476058,True,0.04968723654747009
-11.769491,87,2553.766192,True,0.04813094809651375
-2.581212,40,2556.005801,True,0.04901314154267311
-14.708468,98,2558.356375,True,0.048443879932165146
-11.387293,77,2562.710084,True,0.049240484833717346
2.17224,21,2562.768588,True,0.04844874143600464
2.658144,19,2562.824711,True,0.049532681703567505
3.525002,12,2562.863024,True,0.048047661781311035
-6.709807,71,2565.142341,True,0.04966897889971733
3.115008,16,2567.685204,True,0.04885096475481987
-13.716946,91,2570.60766,True,0.046581070870161057
-3.466472,56,2573.253434,True,0.04883784428238869
-4.632177,58,2575.540057,True,0.049258336424827576
1.749068,25,2575.602083,True,0.04950248822569847
-0.621261,35,2578.08005,True,0.04940175637602806
-14.439578,70,2580.432128,True,0.049667101353406906
-16.820432,99,2585.038832,True,0.04975994676351547
-1.901475,38,2585.123858,True,0.048778168857097626
-9.80364,78,2587.432535,True,0.04817701503634453
-10.044358,74,2589.711428,True,0.048091642558574677
-18.447832,99,2594.179615,True,0.04895990714430809
-3.670702,50,2596.441181,True,0.0481504462659359
-1.796151,43,2596.547143,True,0.0495605431497097
1.552647,25,2598.787866,True,0.04999798536300659
3.615004,12,2598.830201,True,0.04767721891403198
-16.034784,88,2601.23507,True,0.04976004734635353
2.881399,18,2603.435274,True,0.048885367810726166
-11.495321,79,2605.831478,True,0.049881815910339355
-11.042736,81,2608.215951,True,0.04922947287559509
-1.266887,41,2610.506987,True,0.04717763513326645
-1.858579,33,2610.597831,True,0.0438445508480072
1.087085,26,2613.765111,True,0.04978792741894722
-13.394379,78,2616.175531,True,0.04958866536617279
-15.00822,86,2618.511977,True,0.04992596060037613
2.920033,15,2620.718066,True,0.04900963231921196
-6.02981,71,2623.179021,True,0.04982682690024376
3.431197,11,2623.217799,True,0.044439930468797684
4.900974,1,2623.2347,True,0.03885278478264809
-22.64735,143,2627.96296,True,0.04682039096951485
-2.673423,56,2630.245343,True,0.04868503287434578
-1.817326,45,2632.583785,True,0.04998805746436119
3.513114,14,2632.62239,True,0.04921380430459976
-15.156219,69,2635.077565,True,0.047760386019945145
-17.286246,101,2639.740853,True,0.04991956055164337
-8.638033,82,2642.141729,True,0.048897989094257355
-9.59723,91,2644.470154,True,0.0496445894241333
2.348798,17,2646.651242,True,0.04848450422286987
2.606653,18,2646.699678,True,0.04716170206665993
4.462329,5,2646.719273,True,0.04947463050484657
-13.427608,65,2649.060566,True,0.049421027302742004
-0.571761,32,2649.135985,True,0.048751235008239746
-13.486233,65,2651.4748,True,0.04903528466820717
-5.952187,60,2653.78349,True,0.04961053654551506
0.623894,24,2655.979344,True,0.0477365143597126
1.272514,30,2656.055309,True,0.049127742648124695
1.980336,27,2658.28928,True,0.04882768541574478
-31.164546,141,2662.907669,True,0.0488828606903553
-5.897154,68,2665.267153,True,0.04814961552619934
0.407208,31,2665.351867,True,0.04941460117697716
-25.259832,147,2672.068129,True,0.04918361082673073
-3.487161,48,2672.184416,True,0.048884108662605286
-39.674081,143,2678.897291,True,0.046570174396038055
-4.700199,54,2681.147298,True,0.04802685230970383
-0.53445,34,2681.230677,True,0.048880934715270996
-5.866887,57,2683.517873,True,0.04805675148963928
-17.799569,96,2685.823372,True,0.04863710328936577
-4.303985,60,2688.050995,True,0.04822389781475067
4.124104,7,2688.079339,True,0.04980850592255592
3.7271,11,2690.282824,True,0.04963945969939232
-8.942216,68,2692.544314,True,0.04930833354592323
-5.580247,60,2694.827364,True,0.04826938733458519
-23.851704,109,2697.240038,True,0.048021119087934494
-1.905309,36,2699.479395,True,0.048384830355644226
-11.547604,72,2701.821485,True,0.048838239163160324
1.183735,32,2704.07328,True,0.04964963346719742
2.963534,19,2704.125943,True,0.0497756265103817
-5.875266,78,2706.518088,True,0.04887190833687782
-1.789257,36,2708.697851,True,0.04762694984674454
4.278318,7,2708.729771,True,0.04966683313250542
-2.786934,57,2711.008155,True,0.049383267760276794
-9.475508,81,2713.365861,True,0.04849059879779816
-5.339742,66,2715.666597,True,0.048779528588056564
-1.296422,40,2717.850798,True,0.04743226617574692
-6.024758,62,2720.138609,True,0.048351626843214035
-11.1062,90,2722.478912,True,0.047308262437582016
-7.787774,66,2724.774662,True,0.04745123162865639
-6.207387,111,2729.318784,True,0.04927140101790428
-8.753739,73,2731.622423,True,0.048650141805410385
-10.800737,71,2733.919134,True,0.04903888702392578
-7.709369,71,2736.220376,True,0.04859341308474541
-19.455467,120,2740.826394,True,0.04959837347269058
-63.457638,500,2759.195206,False,0.0818239375948906
-10.027559,72,2761.640599,True,0.04950761795043945
4.076671,8,2761.673062,True,0.04816751182079315
-5.252688,57,2763.965924,True,0.04781795293092728
0.335904,34,2764.029485,True,0.04982491582632065
-3.018647,47,2766.314891,True,0.04735657200217247
-5.31741,54,2768.611918,True,0.04964124411344528
-0.487263,35,2770.883834,True,0.044801801443099976
-3.609176,40,2770.987115,True,0.04831148684024811
-5.379128,58,2773.228611,True,0.04809456691145897
-4.88784,53,2775.572956,True,0.04986186698079109
-22.175529,123,2780.132958,True,0.04715067893266678
-11.876264,68,2782.510459,True,0.049529097974300385
-6.636552,65,2785.1091,True,0.04946519434452057
4.417241,5,2785.13503,True,0.04770444706082344
0.288163,35,2787.458425,True,0.04993627592921257
-0.53264,36,2787.552899,True,0.0478639230132103
-3.386708,40,2789.840821,True,0.04441666975617409
-13.894175,91,2792.208287,True,0.04879496246576309
-6.255963,75,2794.533828,True,0.04995052516460419
-10.910983,101,2799.133752,True,0.04974469542503357
0.910139,25,2799.201186,True,0.04642479494214058
-6.011643,63,2801.537283,True,0.048282306641340256
-43.261213,156,2808.381222,True,0.046783991158008575
-7.319059,64,2810.682375,True,0.047986019402742386
-68.31205,500,2827.314696,False,0.09783027321100235
-4.158588,50,2829.504913,True,0.046743620187044144
4.000861,8,2829.536413,True,0.04886440187692642
3.517276,15,2831.760311,True,0.04980076849460602
4.646103,3,2831.775361,True,0.048880837857723236
4.877984,1,2831.789519,True,0.04981830343604088
-10.750859,77,2834.1827,True,0.04729224741458893
-18.432157,110,2838.786268,True,0.049542609602212906
-11.711883,64,2841.121471,True,0.04745887964963913
0.085747,36,2841.202621,True,0.049323670566082
-8.607558,85,2845.777928,True,0.04888225719332695
-13.319353,87,2848.177758,True,0.04962681978940964
-24.122131,219,2855.277614,True,0.04933860898017883
-21.728644,94,2859.863229,True,0.04723018780350685
-5.468443,45,2859.974987,True,0.04753199592232704
-1.132204,39,2862.410412,True,0.049255020916461945
-2.748236,62,2864.764671,True,0.04986775293946266
-9.00283,78,2867.212008,True,0.04980999231338501
-2.785847,54,2869.49852,True,0.049331165850162506
0.965193,27,2871.757459,True,0.04957404360175133
-11.201517,72,2874.081052,True,0.04904482513666153
-14.304288,93,2876.525321,True,0.049900151789188385
0.874199,30,2878.772445,True,0.04874381050467491
1.527697,24,2878.83624,True,0.04987431690096855
-6.595921,60,2881.194191,True,0.0481441430747509
-2.18311,47,2883.498689,True,0.04856013134121895
-1.555582,40,2883.59685,True,0.04986245557665825
-8.316522,68,2885.87472,True,0.049833834171295166
-5.542375,63,2888.142116,True,0.049449626356363297
2.410715,21,2890.356147,True,0.04885837063193321
-1.079932,40,2890.459327,True,0.046186886727809906
3.878129,10,2890.493139,True,0.0485486164689064
1.36202,25,2892.774917,True,0.04893692955374718
-84.517224,500,2911.102746,False,0.06881380081176758
-19.382269,116,2913.59337,True,0.04789762198925018
0.134776,33,2915.886262,True,0.04974907264113426
-11.70959,96,2918.403933,True,0.04945305362343788
-9.067796,69,2922.922257,True,0.046202585101127625
4.915332,1,2922.935374,True,0.036698974668979645
-22.901732,125,2925.332113,True,0.047997213900089264
-9.581605,79,2929.9119,True,0.04882804676890373
-7.414504,70,2932.220851,True,0.04863177239894867
-5.02104,61,2934.500499,True,0.04992334917187691
-0.471674,34,2934.561385,True,0.04814320057630539
-16.797778,107,2939.15273,True,0.04998684674501419
-5.498126,59,2941.433995,True,0.049782346934080124
-59.142454,500,2960.802126,False,0.07036508619785309
0.416045,27,2960.878667,True,0.04686959460377693
4.896289,1,2960.892487,True,0.03898327797651291
-11.511924,79,2963.39855,True,0.047770220786333084
-14.608816,97,2968.41444,True,0.04884840175509453
-24.733259,143,2973.054314,True,0.04715872183442116
-1.144119,41,2975.466595,True,0.04807692766189575
2.006219,23,2975.532022,True,0.04985722526907921
-23.723205,113,2980.04904,True,0.04850166290998459
-9.950942,75,2982.34993,True,0.04832950234413147
4.701115,3,2982.366733,True,0.04791058227419853
-6.133412,63,2984.592276,True,0.048956554383039474
-27.287024,137,2989.204945,True,0.04934591054916382
-1.386634,45,2991.610399,True,0.049530357122421265
-11.759454,79,2993.986511,True,0.04987577721476555
4.788494,2,2994.001076,True,0.049274083226919174
-10.557355,62,2996.248174,True,0.049666061997413635
4.469872,5,2996.269205,True,0.04784967377781868
-13.237286,99,3000.758849,True,0.04908543825149536
4.709185,3,3000.77699,True,0.04859529435634613
-10.715271,79,3003.101836,True,0.049857236444950104
0.663665,25,3003.164815,True,0.047364670783281326
-2.157784,45,3005.568254,True,0.04822169989347458
-1.650205,43,3007.908893,True,0.04966497793793678
-9.489671,88,3010.349801,True,0.049511924386024475
1.583975,26,3012.648886,True,0.04923335835337639
-20.582325,192,3019.581293,True,0.04998951777815819
-8.894831,95,3021.880156,True,0.04867435246706009
-8.912497,69,3024.06111,True,0.048968929797410965
-13.245747,92,3028.574008,True,0.04842378571629524
0.038585,37,3028.664119,True,0.04952550306916237
0.481251,31,3030.89903,True,0.04789881780743599
-1.786492,47,3031.001425,True,0.04972441494464874
-17.616003,89,3035.55964,True,0.04773007333278656
0.473608,29,3035.630905,True,0.04979858547449112
-8.633439,71,3037.940596,True,0.04823422059416771
0.836191,32,3040.243738,True,0.04985984414815903
-0.0259,31,3040.331776,True,0.04991548880934715
-8.631714,70,3042.679518,True,0.04857718572020531
-66.816503,500,3060.922587,False,0.09245729446411133
-13.41505,82,3065.296283,True,0.0494636595249176
-0.617847,40,3065.396926,True,0.048640284687280655
-2.235337,41,3067.643709,True,0.04949367046356201
-4.34275,53,3069.867825,True,0.04913833364844322
0.164692,30,3069.946577,True,0.04952145740389824
-10.677657,78,3072.302366,True,0.04899315536022186
4.890919,1,3072.313782,True,0.047867730259895325
-4.580336,57,3074.575564,True,0.04950232803821564
3.286075,13,3074.614819,True,0.04890044033527374
-4.725352,55,3076.897573,True,0.048190921545028687
-24.532372,114,3081.410817,True,0.044688355177640915
0.171728,35,3083.566572,True,0.048017460852861404
-12.003082,87,3085.879575,True,0.04698372632265091
1.034292,30,3085.957345,True,0.04820873960852623
-10.19963,73,3090.338972,True,0.049622710794210434
-2.686085,44,3090.453605,True,0.047401171177625656
-21.969786,88,3096.470606,True,0.047731686383485794
-2.279841,47,3096.582817,True,0.049943868070840836
-3.103995,63,3098.795484,True,0.04928942769765854
-2.948863,41,3101.470403,True,0.04708296060562134
-2.621752,44,3103.679803,True,0.049970243126153946
-7.525877,77,3106.003397,True,0.04910372570157051
-25.891956,106,3110.508957,True,0.04991800710558891
-8.787846,74,3112.752032,True,0.047633614391088486
-2.584031,42,3112.853303,True,0.049725208431482315
-3.324333,76,3117.192369,True,0.04992383345961571
-1.295939,37,3117.286792,True,0.04736445099115372
3.262722,14,3117.322883,True,0.047230400145053864
-10.658118,84,3121.745925,True,0.04757292941212654
-0.476232,40,3121.847852,True,0.048978038132190704
1.12707,36,3124.067488,True,0.04941372200846672
-11.478541,91,3126.377161,True,0.048386771231889725
-14.885553,90,3130.795294,True,0.049085021018981934
-11.838133,78,3133.12262,True,0.049907322973012924
3.668828,11,3133.146602,True,0.0496751070022583
4.899288,1,3133.158883,True,0.04272644594311714
-6.682695,78,3135.450344,True,0.04991032928228378
-7.225563,68,3137.709907,True,0.049795299768447876
-74.359824,500,3155.77156,False,0.08537524938583374
3.693497,11,3155.805154,True,0.04849421605467796
-34.810049,337,3169.159045,True,0.0499563030898571
-4.90263,57,3171.426503,True,0.04930068552494049
-3.287158,49,3171.541379,True,0.049685701727867126
-0.874362,47,3173.738856,True,0.04865162447094917
-7.635781,63,3176.006276,True,0.048559725284576416
2.932185,17,3176.053977,True,0.04985465481877327
-9.008456,102,3180.471456,True,0.04945825785398483
-7.266577,72,3182.762876,True,0.049688611179590225
0.498291,34,3184.993783,True,0.0492316298186779
4.792516,2,3185.009318,True,0.04575413465499878
-3.796568,67,3187.27756,True,0.04988621920347214
-12.262389,94,3189.662943,True,0.04973658546805382
-7.114627,58,3191.896003,True,0.04899846017360687
-22.142571,107,3196.339868,True,0.04682929813861847
-5.559085,74,3198.65412,True,0.04950406774878502
2.394957,19,3198.702709,True,0.04921971261501312
2.442765,19,3198.761842,True,0.04774832725524902
-21.066389,118,3203.1422,True,0.04963638260960579
-0.037431,35,3205.279568,True,0.049067407846450806
4.653992,3,3205.30057,True,0.048717349767684937
-4.037033,49,3207.50309,True,0.049007583409547806
-8.353935,67,3209.753924,True,0.048509351909160614
-19.569676,126,3214.22961,True,0.048572514206171036
-2.21838,65,3216.607656,True,0.048881497234106064
-11.961963,92,3218.871502,True,0.0484900176525116
4.897376,1,3218.885654,True,0.040720172226428986
-4.841366,44,3221.126084,True,0.04682356119155884
-1.407989,38,3221.215492,True,0.0499943271279335
-2.313696,43,3223.449063,True,0.0495133101940155
-2.236231,52,3225.719626,True,0.04956895858049393
-103.374983,500,3243.943273,False,0.1644803285598755
2.897173,15,3243.994351,True,0.048546046018600464
0.88322,32,3244.082701,True,0.04905911162495613
-15.055819,170,3250.842802,True,0.04970217123627663
-7.544965,78,3253.132439,True,0.048490624874830246
-6.24298,74,3255.420951,True,0.04837420582771301
-4.474395,51,3257.615271,True,0.04827224090695381
-15.933118,180,3264.409211,True,0.04874948039650917
-6.602705,69,3266.694046,True,0.049925483763217926
-8.283763,66,3268.976384,True,0.049818914383649826
1.92768,18,3269.033287,True,0.048068732023239136
-11.282574,80,3273.467693,True,0.049079567193984985
-0.682877,37,3273.561505,True,0.04965408146381378
-7.956609,83,3277.997983,True,0.048105400055646896
-9.562108,69,3280.244342,True,0.047994282096624374
4.894133,1,3280.252866,True,0.04870860278606415
0.77959,32,3280.32229,True,0.04937475174665451
-4.049323,65,3282.614187,True,0.049326445907354355
-6.825468,68,3284.818697,True,0.04958784952759743
-6.36786,54,3287.156597,True,0.049473848193883896
-9.171581,71,3289.402646,True,0.04905266314744949
-1.666494,50,3291.646282,True,0.04965776205062866
2.090512,20,3291.705102,True,0.045218247920274734
-2.102496,47,3293.925382,True,0.049082472920417786
4.913784,1,3293.937874,True,0.02920079417526722
4.472091,5,3293.959537,True,0.04883768409490585
4.92698,1,3293.97676,True,0.026974283158779144
-5.350019,68,3296.244654,True,0.048753608018159866
3.584353,12,3296.280617,True,0.047469157725572586
-14.194285,88,3300.67104,True,0.04699639603495598
-1.007862,40,3300.773641,True,0.04981103166937828
-9.703986,71,3303.035438,True,0.04826356843113899
-8.606669,54,3305.29756,True,0.045814149081707
-2.843326,39,3307.552081,True,0.048911336809396744
-7.044626,64,3309.861403,True,0.04968113452196121
4.881795,1,3309.878362,True,0.04814964160323143
-58.918249,500,3327.836362,False,0.08275417983531952
-7.722961,69,3330.114562,True,0.04816802963614464
0.09193,31,3330.195018,True,0.048288654536008835
-17.340542,143,3336.969485,True,0.04912528023123741
0.746635,36,3337.062978,True,0.04972296953201294
4.910356,1,3337.077442,True,0.04116516187787056
2.515917,18,3337.126482,True,0.04878624156117439
-3.379571,55,3339.310024,True,0.04772357642650604
-1.926042,42,3341.505964,True,0.04845086485147476
-14.275314,88,3343.830603,True,0.04939042776823044
-1.311758,42,3346.099989,True,0.0481862910091877
4.669936,3,3346.116803,True,0.04997968301177025
-6.729868,54,3348.339039,True,0.04873858019709587
-1.886177,50,3350.533639,True,0.04914382845163345
1.895113,26,3350.628969,True,0.0495816208422184
-2.33313,42,3352.877714,True,0.048642516136169434
-8.258803,54,3355.071383,True,0.046673085540533066
-23.182642,101,3357.478867,True,0.04520806670188904
0.550015,33,3359.71469,True,0.04960423707962036
-6.076493,60,3361.926811,True,0.04793732985854149
-15.780057,91,3364.272243,True,0.0483039915561676
-8.225498,80,3366.582083,True,0.04995870217680931
-6.647457,47,3368.768255,True,0.04823581874370575
-16.721421,93,3371.091334,True,0.048042431473731995
-25.976145,116,3375.581868,True,0.04779115691781044
-0.113151,42,3377.798938,True,0.04661773145198822
-4.394301,67,3380.054474,True,0.049283985048532486
1.100634,26,3380.129944,True,0.049476128071546555
-0.407374,41,3382.339138,True,0.0490531288087368
-11.999558,63,3384.646908,True,0.04552681744098663
-56.23802,305,3395.893827,True,0.049839820712804794
2.784195,18,3395.938734,True,0.04969858005642891
-5.814651,83,3398.284936,True,0.049887485802173615
-65.40419,496,3416.349033,True,0.049669940024614334
0.723576,32,3418.56572,True,0.04918023943901062
-6.376492,75,3420.862353,True,0.04845521226525307
-5.204167,60,3423.168414,True,0.049554113298654556
-14.628627,105,3425.542046,True,0.0498189702630043
-2.767183,44,3427.786325,True,0.04937387630343437
1.968083,19,3427.837389,True,0.04938451200723648
-1.950191,43,3430.005826,True,0.048847418278455734
-19.030056,84,3432.29222,True,0.0493181087076664
-2.934461,57,3434.509674,True,0.04855332151055336
-11.326213,84,3436.820443,True,0.047299109399318695
-7.369539,69,3441.226525,True,0.04906022548675537
-60.833236,500,3457.21431,False,0.08524426817893982
-3.755288,48,3459.412558,True,0.049511853605508804
-24.112099,112,3463.891298,True,0.04566429555416107
-3.796675,41,3466.088198,True,0.04428872838616371
-0.885248,40,3466.157164,True,0.04962606355547905
-5.481807,68,3468.403307,True,0.048069439828395844
3.681288,12,3468.425379,True,0.04769081622362137
-5.732553,57,3470.678348,True,0.04984358698129654
4.204157,6,3470.702962,True,0.047301702201366425
-4.708942,61,3472.985359,True,0.049724020063877106
-0.043958,43,3475.212273,True,0.04895590618252754
-21.98825,152,3479.823301,True,0.048947207629680634
-9.980058,67,3482.11095,True,0.04618862643837929
-32.437561,133,3486.720771,True,0.047091372311115265
-8.406494,65,3491.125517,True,0.047099463641643524
-34.149156,140,3495.679098,True,0.048518165946006775
3.498009,12,3495.716149,True,0.047844044864177704
-10.632175,94,3498.07687,True,0.04932056739926338
0.018886,37,3500.267766,True,0.048832036554813385
0.186897,31,3500.332002,True,0.04877318814396858
-6.232501,68,3502.63072,True,0.04945417866110802
-18.560962,102,3507.159043,True,0.04934598132967949
-21.424059,101,3511.619402,True,0.04647640138864517
-10.007775,60,3513.90966,True,0.0474204421043396
-0.040822,28,3513.977645,True,0.04503168910741806
-10.845867,69,3516.23993,True,0.0481889434158802
-9.070503,75,3518.514994,True,0.04833298921585083
-0.267678,34,3520.720412,True,0.04881088435649872
0.985317,24,3520.781698,True,0.04478821903467178
-5.223993,61,3523.062918,True,0.04949706792831421
-5.341008,71,3525.306703,True,0.046038247644901276
-1.325695,41,3527.563188,True,0.04906029626727104
-68.028217,500,3545.728488,False,0.0753142237663269
-2.830157,53,3547.939198,True,0.04807067662477493
-9.827219,68,3550.236999,True,0.04883614182472229
-0.932498,32,3550.319674,True,0.048433300107717514
-22.834138,111,3554.757457,True,0.049368273466825485
-6.466257,58,3557.035719,True,0.04965711012482643
-1.0642,31,3557.117944,True,0.04748426005244255
-2.922937,58,3559.394599,True,0.049737345427274704
-2.973092,44,3561.653369,True,0.047103628516197205
-9.55761,74,3563.977063,True,0.04970381781458855
-10.341444,91,3566.221929,True,0.0479264073073864
-1.037107,39,3568.470233,True,0.04994598776102066
-12.219524,78,3570.757544,True,0.049570731818675995
-81.90939,500,3588.900166,False,0.09791421890258789
-9.024478,61,3591.165354,True,0.047722190618515015
-12.545789,67,3593.405298,True,0.04747984930872917
3.787287,10,3593.442291,True,0.0493830181658268
-7.582746,71,3595.7346,True,0.049886323511600494
-19.483666,117,3600.251421,True,0.048683132976293564
-37.076083,207,3607.171838,True,0.04923117533326149
-7.109019,74,3611.557185,True,0.04925142228603363
-4.719818,70,3613.84619,True,0.04971890524029732
-1.990355,44,3613.955397,True,0.049663398414850235
0.800647,29,3616.104772,True,0.04906969144940376
-0.162723,37,3616.199346,True,0.049749065190553665
-5.629716,48,3618.517111,True,0.048622339963912964
-9.71966,74,3620.853648,True,0.048669736832380295
-5.112678,58,3623.154832,True,0.04939696565270424
-0.639898,33,3625.447657,True,0.047481246292591095
0.809283,30,3625.530437,True,0.04965324327349663
4.893613,1,3625.543753,True,0.04714572802186012
-9.400956,61,3630.573552,True,0.04919993132352829
-11.926844,83,3632.89313,True,0.04785329848527908
0.168776,30,3635.128105,True,0.048962440341711044
-13.049372,88,3637.50887,True,0.0484020970761776
-23.595,98,3642.026834,True,0.04748861864209175
-3.574609,59,3644.301103,True,0.04961705207824707
-13.294167,80,3646.676678,True,0.04908095300197601
-6.337643,61,3648.986187,True,0.04744291678071022
-4.850432,58,3651.254199,True,0.048800017684698105
-21.132323,135,3655.857893,True,0.04883798584342003
-8.479324,63,3658.173174,True,0.04970091953873634
4.541358,4,3658.192803,True,0.048970483243465424
2.691889,16,3658.238315,True,0.04929517209529877
-70.182662,500,3676.49518,False,0.11183080077171326
-0.314525,36,3678.777373,True,0.049303390085697174
1.171064,31,3678.854977,True,0.04910669103264809
-4.097976,66,3681.149987,True,0.04825756326317787
-13.663897,86,3683.489971,True,0.049396682530641556
-7.534807,60,3685.77055,True,0.047989387065172195
-55.314638,500,3704.853281,False,0.0712224543094635
2.542279,18,3704.908701,True,0.04703618586063385
4.652205,3,3707.093245,True,0.048510342836380005
-4.228564,54,3707.230966,True,0.04854150116443634
-16.501443,105,3711.756784,True,0.04908546060323715
-1.027626,40,3714.100974,True,0.048673998564481735
0.479364,32,3714.185706,True,0.04847833514213562
-9.14269,77,3716.641113,True,0.048852674663066864
-28.879318,119,3721.114593,True,0.04867282882332802
-59.198785,500,3739.617736,False,0.07870938628911972
0.164065,33,3741.880156,True,0.04835990443825722
-1.18008,32,3741.967105,True,0.048853516578674316
-17.728546,84,3744.249202,True,0.0478350855410099
-14.886711,82,3748.759271,True,0.049115993082523346
-4.502557,52,3748.893775,True,0.0495339035987854
2.646741,19,3751.150041,True,0.04968387261033058
-0.364429,33,3751.239373,True,0.048346422612667084
1.359937,30,3753.550102,True,0.04909574240446091
2.959779,17,3753.60291,True,0.049077410250902176
-2.404202,61,3755.885975,True,0.049627773463726044
-6.63939,76,3758.12712,True,0.04830249026417732
3.157917,13,3758.168696,True,0.04529738798737526
-5.725791,77,3762.625689,True,0.049144402146339417
-4.961174,57,3762.769102,True,0.047407131642103195
-4.499054,55,3765.029216,True,0.04795292392373085
-29.452267,136,3769.577339,True,0.04874065890908241
-6.904321,73,3773.978481,True,0.04822339490056038
-5.368904,57,3774.117546,True,0.049865491688251495
-9.890993,72,3778.496313,True,0.046235259622335434
-5.925854,61,3778.630803,True,0.04926232993602753
-14.25119,83,3783.074861,True,0.049349308013916016
1.351698,29,3783.147185,True,0.04949864000082016
-25.459831,182,3789.870821,True,0.04865868389606476
-0.25245,40,3792.102489,True,0.04834158346056938
-7.532619,65,3794.270273,True,0.04824243113398552
-6.087101,82,3796.515628,True,0.049230217933654785
3.428269,14,3796.557156,True,0.04829702898859978
-3.032222,55,3798.767869,True,0.04987068101763725
0.936318,34,3800.92694,True,0.04936893656849861
-0.122202,37,3801.0186,True,0.049668777734041214
1.344187,27,3803.187197,True,0.047330182045698166
-5.483339,59,3805.414723,True,0.04918595775961876
-2.292757,45,3805.525208,True,0.049789249897003174
1.046381,25,3807.706882,True,0.04958169162273407
-3.762627,46,3807.818871,True,0.0481586754322052
3.176739,16,3810.008863,True,0.04973018541932106
-22.110024,230,3816.859293,True,0.04832492023706436
-24.809371,134,3821.342578,True,0.0483841635286808
-7.007855,61,3823.577367,True,0.049593210220336914
0.115881,33,3825.784464,True,0.047964319586753845
-14.940259,100,3828.178956,True,0.04930002987384796
-1.201478,41,3830.38738,True,0.048871248960494995
2.453481,19,3830.44088,True,0.049267180263996124
-2.679704,51,3832.656728,True,0.049971964210271835
1.617667,24,3832.720848,True,0.04974561929702759
-3.425315,52,3834.936152,True,0.04773218184709549
-2.164323,55,3837.172369,True,0.04897857457399368
-14.139078,66,3839.436996,True,0.04472201317548752
-2.272025,39,3841.59778,True,0.04853382706642151
-1.880175,44,3841.70767,True,0.04967280104756355
-14.24541,87,3846.204642,True,0.04824640974402428
-1.221325,46,3848.392781,True,0.04996330291032791
-7.924108,78,3850.700589,True,0.048779893666505814
-0.809596,41,3850.785869,True,0.049999725073575974
3.658,10,3852.926041,True,0.04642748087644577
4.760021,2,3852.940894,True,0.0499911867082119
-1.356098,45,3853.049272,True,0.04936828091740608
-16.167489,139,3857.747497,True,0.04822395741939545
-10.365761,80,3862.37245,True,0.048737019300460815
-3.154604,47,3862.487175,True,0.04773728922009468
-70.374389,500,3880.93142,False,0.08652577549219131
-16.425883,111,3885.363678,True,0.048979632556438446
-9.328549,75,3887.732994,True,0.0497596375644207
0.558087,26,3889.936706,True,0.046270836144685745
-0.315392,37,3890.032409,True,0.04917912930250168
3.430469,14,3890.079413,True,0.048061203211545944
-0.477793,38,3892.295924,True,0.049988698214292526
-5.769901,56,3894.547723,True,0.048960842192173004
-7.551624,72,3896.874929,True,0.04980853945016861
-10.518932,82,3899.243511,True,0.04812215641140938
-27.965059,121,3903.716349,True,0.0494186095893383
-0.341364,32,3905.892312,True,0.047108687460422516
-5.633158,46,3906.008974,True,0.046962786465883255
-10.980856,91,3910.598747,True,0.0488588809967041
-12.019253,99,3912.994513,True,0.04931824654340744
4.508465,4,3913.013623,True,0.049857836216688156
-0.451528,38,3915.264536,True,0.04796755313873291
0.054724,29,3915.328524,True,0.048725344240665436
4.901629,1,3915.341634,True,0.049722764641046524
-7.604125,81,3919.841383,True,0.048618171364068985
2.43503,19,3919.891951,True,0.0470924936234951
-7.125451,84,3922.210192,True,0.04899591952562332
4.889695,1,3922.227127,True,0.04378947243094444
-11.332944,94,3926.798791,True,0.0496608167886734
-4.276996,58,3929.149867,True,0.048997022211551666
-12.650973,78,3931.524311,True,0.049274418503046036
-6.460872,84,3933.903718,True,0.04996898025274277
-2.103046,35,3936.190337,True,0.04664308950304985
-7.298973,78,3938.623058,True,0.04969533532857895
-4.717263,54,3940.933292,True,0.04933863878250122
-8.669041,70,3943.284624,True,0.04965963587164879
-11.029544,85,3945.676831,True,0.048760030418634415
-0.048303,38,3947.948663,True,0.049175672233104706
-8.545558,55,3950.318132,True,0.046035222709178925
-9.331159,100,3952.748665,True,0.04971204698085785
2.572465,18,3955.067569,True,0.04663660004734993
-5.230626,61,3955.204311,True,0.0494416281580925
-1.25502,31,3957.443364,True,0.04941394552588463
-5.954475,59,3959.817641,True,0.04749947786331177
-5.020948,54,3962.097953,True,0.04832391440868378
-3.434912,56,3964.39087,True,0.04948129877448082
-4.989001,50,3964.503082,True,0.048020780086517334
-6.664991,98,3969.167665,True,0.049343980848789215
-1.868221,43,3971.36937,True,0.04981810227036476
-10.321045,127,3975.90776,True,0.0491565577685833
-19.815362,127,3980.637463,True,0.04990224167704582
4.293013,6,3980.662009,True,0.04841594025492668
-16.205512,107,3983.103626,True,0.0487448014318943
-68.074863,500,4002.068789,False,0.08787814527750015
-15.545245,127,4006.662351,True,0.049271006137132645
-4.592986,53,4008.893667,True,0.048841726034879684
-3.043588,39,4011.233035,True,0.044782958924770355
-2.396891,40,4011.330105,True,0.04976236820220947
-64.206983,500,4029.971137,False,0.0862351655960083
0.228651,31,4030.052161,True,0.048999495804309845
-4.047891,54,4032.383791,True,0.049298882484436035
-10.590363,76,4036.849681,True,0.049365028738975525
-5.381193,58,4036.981404,True,0.04904833063483238
-8.290443,71,4041.601995,True,0.04740298539400101
-8.909022,72,4044.030063,True,0.04478026553988457
1.627047,23,4044.095654,True,0.049603674560785294
-54.213755,500,4063.012972,False,0.0559995099902153
-1.271404,33,4063.094485,True,0.043870992958545685
-0.892784,31,4065.339947,True,0.048461731523275375
1.050421,27,4065.406672,True,0.04959467798471451
-2.348848,50,4067.703598,True,0.0488751120865345
-6.195722,76,4070.022269,True,0.04940494894981384
-4.357703,58,4072.316955,True,0.04843796417117119
4.288163,6,4072.348554,True,0.04626833274960518
-5.186676,51,4074.625138,True,0.04930998012423515
0.325289,32,4076.948249,True,0.04968055337667465
-1.480697,41,4077.049286,True,0.04831171780824661
-14.777327,112,4081.698536,True,0.04885290563106537
4.571027,4,4081.722694,True,0.04831987991929054
4.927503,1,4081.735661,True,0.016547895967960358
3.005898,15,4081.790625,True,0.04854881390929222
-26.137011,144,4086.719122,True,0.04894068464636803
-10.904996,59,4088.997993,True,0.04732806608080864
-5.501026,56,4091.315959,True,0.04837265610694885
4.418316,5,4091.339184,True,0.04427575320005417
-18.490383,99,4095.921178,True,0.047107331454753876
-4.733791,56,4098.227281,True,0.04734422639012337
-13.760291,91,4100.625398,True,0.046465564519166946
3.354693,11,4100.661284,True,0.04829803854227066
-1.271439,33,4102.922785,True,0.0470426008105278
-2.378981,52,4105.270971,True,0.0497237890958786
-6.15037,61,4107.587841,True,0.047255728393793106
0.432036,29,4107.664241,True,0.04839828982949257
-13.218125,118,4112.400313,True,0.04999274015426636
2.750083,16,4112.457124,True,0.04824706166982651
-7.858733,75,4114.84265,True,0.04997570812702179
4.907445,1,4114.860635,True,0.036899130791425705
-7.263201,73,4119.539545,True,0.04919876903295517
-21.38829,111,4121.994852,True,0.047985419631004333
1.284339,29,4124.28373,True,0.04867032170295715
-7.114307,71,4126.759057,True,0.048554111272096634
-8.790441,74,4129.102669,True,0.04931027814745903
-1.447451,54,4131.264579,True,0.04963616654276848
0.502514,34,4131.339168,True,0.04998394474387169
0.434829,28,4133.318238,True,0.047505129128694534
-137.240626,500,4151.122564,False,0.2318052351474762
-19.095709,94,4153.547865,True,0.048261892050504684
-18.127965,119,4158.220603,True,0.04996540769934654
-5.187323,59,4160.626216,True,0.04874629154801369
1.498092,25,4160.696726,True,0.049789998680353165
-12.236914,111,4165.371381,True,0.04874840006232262
-6.199712,72,4167.740764,True,0.0491999126970768
2.368256,18,4167.792521,True,0.04857371002435684
4.015895,8,4170.048571,True,0.04862507805228233
-56.438259,500,4188.494263,False,0.06499989330768585
-13.345129,75,4190.834896,True,0.047497961670160294
-23.102071,105,4195.429678,True,0.04875282198190689
3.889994,9,4195.465606,True,0.04715900868177414
2.632165,19,4197.720146,True,0.0495968759059906
2.611032,22,4197.776037,True,0.04994538426399231
-2.138162,53,4200.007647,True,0.04934117570519447
-5.058396,71,4202.3147,True,0.04948052018880844
-8.762279,54,4204.606904,True,0.047637324780225754
-9.250463,56,4206.916903,True,0.04879879206418991
3.638099,11,4206.956751,True,0.04849876090884209
0.876705,32,4207.03987,True,0.048799414187669754
-8.777531,79,4209.364385,True,0.04980900138616562
0.814775,26,4211.587816,True,0.04827147722244263
-2.164425,48,4213.889555,True,0.04998565465211868
0.177264,37,4213.976066,True,0.04982136934995651
-0.72781,42,4216.251358,True,0.048846352845430374
-13.026156,79,4218.632177,True,0.04850126430392265
-7.726306,63,4220.905689,True,0.04625936970114708
-18.17206,127,4225.50132,True,0.04916217923164368
-3.217679,57,4227.757478,True,0.04887136071920395
-8.236666,64,4230.113811,True,0.04785986617207527
-1.474914,39,4232.44719,True,0.048146359622478485
3.118429,14,4232.488976,True,0.046270810067653656
-8.727482,81,4234.883717,True,0.048961278051137924
4.025542,8,4234.91295,True,0.04941434785723686
-3.055591,44,4237.231011,True,0.04774734377861023
-2.199344,56,4239.598945,True,0.04934092238545418
-3.485147,50,4241.960183,True,0.04797288402915001
3.265965,14,4242.003632,True,0.047742895781993866
2.681372,18,4242.05579,True,0.04889423027634621
3.514243,11,4242.088268,True,0.04974806681275368
-21.285617,89,4246.801814,True,0.04936278611421585
-14.941345,71,4249.154683,True,0.0494953952729702
-2.54357,53,4251.528901,True,0.049733396619558334
-28.141418,116,4254.02454,True,0.04978303983807564
-11.261635,90,4258.709889,True,0.04915988817811012
2.423089,21,4258.767883,True,0.04898032173514366
1.761461,24,4258.829792,True,0.04930783808231354
2.070153,21,4261.073279,True,0.0483304038643837
4.788941,2,4261.092371,True,0.048709191381931305
-12.831467,79,4263.422989,True,0.04884900525212288
0.285668,31,4265.672616,True,0.04776027426123619
3.266532,12,4265.708318,True,0.0485939085483551
-9.896696,65,4268.075118,True,0.04733899608254433
-10.533822,76,4270.40494,True,0.04899264872074127
-4.507819,56,4272.74982,True,0.04872460663318634
-8.172284,80,4275.084986,True,0.049637485295534134
-13.172087,102,4279.736556,True,0.04730946943163872
0.907131,29,4279.80979,True,0.04924774169921875
0.275598,30,4282.122772,True,0.048470593988895416
-4.083466,49,4282.254887,True,0.049695663154125214
-3.421703,48,4284.618872,True,0.048084236681461334
0.23271,31,4286.960373,True,0.046977702528238297
-16.883061,93,4289.433565,True,0.048318635672330856
1.002952,27,4289.509411,True,0.04727588966488838
-4.610128,52,4291.875994,True,0.04898575320839882
0.664284,28,4294.235791,True,0.04809707775712013
-4.585814,60,4296.629634,True,0.04954727739095688
-4.414857,61,4299.15363,True,0.04819018393754959
-2.701054,41,4299.327599,True,0.0487171895802021
-1.264372,47,4302.235272,True,0.048450008034706116
-1.61654,40,4304.625364,True,0.048028282821178436
-9.210216,71,4307.174687,True,0.047795455902814865
-15.66397,174,4311.889215,True,0.04944710433483124
-6.456277,78,4316.389084,True,0.048973143100738525
-0.951815,44,4316.494853,True,0.04831736162304878
3.709457,11,4316.534618,True,0.04958663135766983
3.786742,10,4318.693581,True,0.049152862280607224
-66.869521,500,4334.89582,False,0.08093854784965515
-9.46448,74,4339.321768,True,0.04918261989951134
-17.825611,117,4341.75634,True,0.04969944804906845
-12.979551,74,4346.16736,True,0.046450238674879074
-12.742918,82,4348.562794,True,0.0494171604514122
-11.889262,170,4355.376554,True,0.049786776304244995
-1.278251,47,4355.494487,True,0.0496307797729969
-6.073835,58,4357.809316,True,0.04751059040427208
4.882479,1,4357.822904,True,0.04711281135678291
-2.879842,47,4360.106528,True,0.049476392567157745
-1.190966,50,4362.436498,True,0.04973329231142998
-0.718306,34,4362.523108,True,0.04886890947818756
-4.2295,42,4364.769942,True,0.045727554708719254
-9.904535,85,4367.14964,True,0.04909837245941162
-7.054874,76,4369.495806,True,0.049025923013687134
-0.246598,36,4371.777284,True,0.04927542433142662
-2.864568,47,4374.040999,True,0.04989143833518028
3.7151,10,4374.076346,True,0.04873136058449745
-21.435986,107,4378.640333,True,0.0487670861184597
-7.033136,56,4378.773323,True,0.04929644241929054
-24.567643,116,4383.367163,True,0.04962370917201042
3.865738,9,4383.393856,True,0.046980954706668854
-5.394551,68,4385.764539,True,0.04905160889029503
-5.107465,72,4390.180663,True,0.0489254966378212
-17.406993,95,4392.515878,True,0.04813200607895851
3.362504,13,4392.558572,True,0.04983992874622345
-6.496924,72,4394.898084,True,0.04940371587872505
-2.23651,56,4397.303963,True,0.04962233081459999
-8.38933,68,4399.731601,True,0.04787912219762802
-4.66503,43,4402.08855,True,0.04287783429026604
-1.323902,40,4404.351637,True,0.04776642844080925
-7.909973,54,4404.486329,True,0.048027705401182175
1.844258,22,4406.717617,True,0.04703330621123314
4.899765,1,4406.734826,True,0.03287186846137047
2.449453,20,4406.787444,True,0.048623327165842056
2.460987,18,4406.844362,True,0.04868967831134796
1.675964,24,4409.105982,True,0.0494714230298996
-14.042745,99,4411.647091,True,0.04966335743665695
-7.387047,79,4416.204387,True,0.0490804985165596
1.779488,25,4416.276417,True,0.0477333664894104
-68.974791,499,4435.006362,True,0.04802115634083748
-10.143438,67,4437.373982,True,0.047610338777303696
-8.216859,69,4439.789271,True,0.04920564219355583
1.919589,23,4439.855376,True,0.048200782388448715
-8.517196,59,4442.162964,True,0.047767385840415955
-1.202203,35,4444.646007,True,0.04747515544295311
0.618806,37,4444.743069,True,0.04938547685742378
-4.69249,54,4447.311107,True,0.04796883836388588
-3.349935,59,4449.949268,True,0.04890860989689827
3.893514,9,4449.986081,True,0.049911029636859894
-4.765456,68,4452.422037,True,0.04872385412454605
-16.352249,129,4457.403296,True,0.04890366271138191
-3.970326,49,4459.738921,True,0.04602546989917755
-4.228125,62,4462.115394,True,0.04804670810699463
-19.233531,105,4466.748406,True,0.04770471155643463
2.972875,19,4466.796767,True,0.049427613615989685
-7.96669,77,4469.148583,True,0.049751680344343185
2.852425,14,4469.184166,True,0.04774758592247963
-2.494502,49,4471.540653,True,0.04969073459506035
-1.745017,41,4473.876651,True,0.04918912425637245
-17.239567,99,4476.310217,True,0.04990039020776749
-8.269725,65,4478.688591,True,0.0487293042242527
-11.976819,100,4483.33959,True,0.04980715364217758
4.627068,3,4483.362661,True,0.04860805347561836
-4.618779,50,4485.668267,True,0.047899700701236725
-5.927625,52,4487.972488,True,0.048748694360256195
-9.273761,69,4490.357096,True,0.04914292320609093
0.031662,35,4490.440411,True,0.04724041000008583
1.5907,26,4492.67541,True,0.049319490790367126
-6.550127,64,4495.262051,True,0.04945299029350281
-19.944803,108,4497.665834,True,0.049355994910001755
-9.03755,80,4500.047705,True,0.048171162605285645
-85.17118,500,4519.091992,False,0.11827879399061203
-6.231502,51,4521.413565,True,0.04833820089697838
-5.815235,60,4523.786953,True,0.04895589500665665
0.706854,26,4523.850369,True,0.046957917511463165
-14.097405,79,4528.390366,True,0.04514675587415695
-4.318504,49,4528.505986,True,0.04778295382857323
4.912203,1,4528.520853,True,0.021511506289243698
-4.509645,41,4530.804558,True,0.049154870212078094
1.745389,20,4530.857434,True,0.0499982051551342
-0.43732,31,4533.172849,True,0.049449704587459564
-5.715114,55,4535.490599,True,0.04835362359881401
-5.459045,57,4537.823318,True,0.04964006319642067
-14.169924,102,4540.288331,True,0.049369554966688156
4.094919,8,4540.310006,True,0.04899897426366806
0.138413,32,4542.580289,True,0.04820350557565689
-3.723308,47,4544.978453,True,0.04843275621533394
-0.76837,36,4545.072285,True,0.04931353032588959
-11.65562,88,4549.643753,True,0.048849936574697495
0.698178,24,4549.712648,True,0.048649538308382034
-15.093252,103,4554.333049,True,0.048050664365291595
4.888283,1,4554.350102,True,0.04595666378736496
-2.084596,43,4554.452625,True,0.047433868050575256
-2.192927,36,4556.718159,True,0.04737966135144234
-11.905644,86,4559.192369,True,0.049368053674697876
-17.91976,115,4564.091673,True,0.049983762204647064
-32.218049,129,4569.077618,True,0.04665789753198624
-15.557991,93,4571.500214,True,0.049689874053001404
0.13969,34,4573.830013,True,0.04891061410307884
-12.722022,67,4576.252823,True,0.04855584353208542
0.616587,33,4576.332601,True,0.04893271252512932
-1.689042,45,4578.637311,True,0.04931893199682236
4.919981,1,4578.660767,True,0.01976824551820755
2.588029,20,4578.715698,True,0.04939970374107361
-0.915117,39,4581.195936,True,0.04750208929181099
-9.974772,82,4583.71968,True,0.048426587134599686
-2.203319,43,4586.026706,True,0.04825295880436897
-2.878177,51,4588.376456,True,0.04821816086769104
1.4483,26,4588.458338,True,0.04828828573226929
-0.91338,37,4590.774596,True,0.04853883758187294
-17.164476,118,4595.462917,True,0.04779825732111931
-54.693299,485,4612.137541,True,0.04834144935011864
-15.17506,107,4617.102733,True,0.04906966909766197
-9.488324,75,4619.473031,True,0.046757057309150696
-12.336004,78,4621.93965,True,0.046885717660188675
-11.49103,77,4626.544633,True,0.047108303755521774
4.884328,1,4626.561597,True,0.04811055585741997
-2.470092,76,4628.948553,True,0.049761343747377396
-6.249014,73,4631.301768,True,0.048154622316360474
3.75582,9,4631.324238,True,0.04467279836535454
2.921143,16,4631.36676,True,0.04803992062807083
-2.267349,54,4633.705575,True,0.049002137035131454
-4.807273,74,4636.118884,True,0.04808369651436806
-1.447018,34,4638.419919,True,0.044158075004816055
-1.682789,51,4640.768139,True,0.04886936768889427
-2.508386,38,4640.863357,True,0.04958057403564453
-19.146174,118,4645.559362,True,0.04837104305624962
-7.481679,67,4647.996223,True,0.04925909265875816
-5.130697,67,4650.42974,True,0.049730218946933746
-0.035342,39,4652.726593,True,0.04940261319279671
1.714007,26,4652.794753,True,0.04983348399400711
-18.759657,101,4657.386515,True,0.047220874577760696
-5.371879,59,4659.76829,True,0.04440843686461449
-4.787038,46,4659.865327,True,0.0495392270386219
-4.546116,53,4662.260085,True,0.04998721182346344
-12.293336,85,4667.033396,True,0.04795442894101143
-9.687745,78,4669.426943,True,0.048101119697093964
-9.689215,72,4671.805727,True,0.049807358533144
-0.441211,33,4671.895456,True,0.049564000219106674
-11.016842,93,4676.664155,True,0.04996379464864731
2.958509,16,4676.709136,True,0.04836956411600113
-6.532112,63,4679.060405,True,0.0467405840754509
-9.036075,66,4681.551442,True,0.04739765450358391
1.571389,25,4681.623726,True,0.04816071316599846
-0.416731,39,4683.921984,True,0.049221109598875046
-7.774676,69,4686.291222,True,0.049900904297828674
-64.740183,500,4705.399463,False,0.07456142455339432
1.144237,31,4705.47912,True,0.047584909945726395
-8.060353,94,4710.067823,True,0.04958881065249443
-20.064042,98,4712.490326,True,0.04994944855570793
-8.321967,76,4717.247426,True,0.04895715042948723
1.248346,25,4717.311742,True,0.04988060146570206
-0.115396,31,4719.811897,True,0.04919179528951645
-9.724876,82,4722.252627,True,0.049176476895809174
-1.355404,39,4722.342543,True,0.048105426132678986
-6.728138,59,4724.66968,True,0.04780851677060127
-13.629732,97,4729.376317,True,0.04912007227540016
-6.511096,65,4734.085274,True,0.04987147077918053
-2.98787,42,4736.417019,True,0.04662581905722618
-10.284616,72,4738.804512,True,0.0482497364282608
4.881523,1,4738.819146,True,0.04462722688913345
-6.831527,58,4741.177164,True,0.04764649271965027
-14.721725,86,4743.537596,True,0.04643285274505615
2.591799,16,4743.593731,True,0.04525616765022278
-32.14274,161,4750.792031,True,0.047538693994283676
1.318408,26,4750.862792,True,0.04911944642663002
0.964699,28,4753.170688,True,0.049487076699733734
-0.625959,34,4753.257105,True,0.04912785068154335
3.472276,12,4753.299754,True,0.04924126714468002
-34.889908,215,4763.025814,True,0.04892287775874138
4.780885,2,4763.048844,True,0.04756947234272957
-11.05805,72,4765.402436,True,0.04874347150325775
0.62475,26,4765.451378,True,0.04793182760477066
-3.095815,47,4767.780993,True,0.04965132474899292
-4.578591,47,4770.255676,True,0.04775824770331383
-8.301911,78,4772.808751,True,0.04901226982474327
-11.327709,66,4775.162107,True,0.04879795014858246
3.01343,16,4775.20594,True,0.049241431057453156
-0.53889,29,4777.467561,True,0.04740343615412712
-4.381581,48,4777.591947,True,0.04738432168960571
-13.469798,81,4782.269921,True,0.04923156648874283
-2.605365,42,4782.374107,True,0.04736990109086037
-2.17563,43,4784.699716,True,0.048197053372859955
-0.068855,29,4784.780043,True,0.049977440387010574
-9.524425,77,4789.700474,True,0.04895765706896782
-18.746238,96,4792.334418,True,0.04868919774889946
-19.373189,106,4797.246602,True,0.04848150908946991
-3.41228,46,4797.355259,True,0.04769774526357651
2.82701,18,4799.626959,True,0.0496271476149559
4.916178,1,4799.641724,True,0.0416189506649971
4.90472,1,4799.658082,True,0.03954072669148445
3.208832,15,4799.706925,True,0.04967726394534111
-3.752,70,4802.128338,True,0.04955880343914032
-2.248901,41,4804.476748,True,0.04853009432554245
-12.838418,80,4806.890907,True,0.04677649214863777
-2.257748,40,4809.210589,True,0.0494280681014061
-8.495204,74,4811.699285,True,0.04933217540383339
-21.163457,110,4814.245828,True,0.049753718078136444
-28.063512,107,4818.938239,True,0.04681491106748581
-23.37517,157,4826.034489,True,0.0488368421792984
1.31855,22,4826.09544,True,0.0468953400850296
1.756011,21,4826.147387,True,0.04746219888329506
-5.697131,74,4828.56058,True,0.04979676008224487
-12.559495,85,4833.198508,True,0.04709124565124512
4.888993,1,4833.206043,True,0.04454309493303299
-0.942341,41,4833.301508,True,0.04822620376944542
-9.461343,75,4837.980089,True,0.049664244055747986
0.630451,37,4838.072366,True,0.04898731783032417
-1.410919,41,4840.429482,True,0.04999340698122978
-9.452543,76,4842.845659,True,0.04996372386813164
-2.294376,36,4845.167301,True,0.04578050225973129
-3.757084,53,4845.293579,True,0.04984813556075096
-7.364074,57,4847.630614,True,0.04900597780942917
0.261414,39,4849.920876,True,0.04959680140018463
-5.987669,65,4852.265627,True,0.04868798702955246
-4.244141,52,4854.649585,True,0.048396218568086624
-6.070864,49,4854.766371,True,0.04927152022719383
0.268813,27,4857.047642,True,0.046638861298561096
-17.459357,84,4859.496435,True,0.04769403859972954
1.245555,26,4861.83642,True,0.04932372644543648
-12.329758,88,4864.258602,True,0.049851492047309875
-0.207823,41,4866.554203,True,0.04999331757426262
-4.711025,63,4868.898305,True,0.04878995940089226
-4.424802,57,4871.323689,True,0.04876057058572769
-3.742026,72,4873.968526,True,0.04864731431007385
3.999357,8,4873.994617,True,0.047787874937057495
0.480181,30,4874.091844,True,0.047357816249132156
-11.07037,100,4878.965843,True,0.049873530864715576
0.039615,36,4879.058909,True,0.04929572716355324
-8.390922,73,4883.656679,True,0.04879166558384895
-2.342127,36,4883.751354,True,0.046965453773736954
-4.498143,72,4886.277714,True,0.049857109785079956
-10.04299,75,4888.644568,True,0.04825028032064438
-4.786229,85,4893.400717,True,0.049475718289613724
-2.542183,68,4895.792484,True,0.049552105367183685
0.037858,33,4895.876915,True,0.04830601438879967
-1.170225,48,4898.216118,True,0.04966012388467789
-3.941774,63,4901.098794,True,0.04988685995340347
4.13088,7,4901.124525,True,0.049657948315143585
1.560736,25,4903.399265,True,0.04844103753566742
-29.129606,203,4910.541252,True,0.04995277151465416
-4.323693,48,4910.661298,True,0.048698145896196365
-7.904952,56,4913.002054,True,0.047249287366867065
-4.496681,50,4915.339324,True,0.04982757940888405
2.925931,14,4915.375375,True,0.04663541913032532
2.42549,20,4917.602568,True,0.04904945194721222
-7.584033,53,4917.738563,True,0.04836694896221161
-9.961581,71,4922.332932,True,0.04976867511868477
-4.973775,63,4924.664556,True,0.04816928505897522
2.082628,22,4924.728129,True,0.04786812514066696
3.717318,10,4924.764175,True,0.049683861434459686
-3.72607,49,4927.075701,True,0.04994126781821251
2.272741,18,4927.131838,True,0.0484815277159214
-2.852081,45,4929.469153,True,0.0490664541721344
-10.707375,73,4932.0686,True,0.04994538053870201
-10.75171,73,4934.46034,True,0.04646731913089752
-10.470327,89,4937.018744,True,0.0497099831700325
-0.672129,36,4939.403802,True,0.04867285490036011
3.553512,13,4939.444938,True,0.049784258008003235
-45.093099,226,4948.551877,True,0.04977617785334587
-6.081449,61,4950.995053,True,0.049604322761297226
4.646561,3,4951.007621,True,0.04619957506656647
-0.831982,40,4951.108241,True,0.048128727823495865
-6.932277,73,4955.708498,True,0.049192823469638824
-55.581886,500,4972.296659,False,0.05686777085065842
-0.86176,42,4974.620407,True,0.046978659927845
-2.239158,47,4977.005144,True,0.047698017209768295
-6.506639,70,4979.401518,True,0.04961378872394562
3.077357,13,4979.440131,True,0.04613505303859711
3.851923,9,4979.4721,True,0.045288801193237305
0.884799,23,4981.748571,True,0.04986950382590294
-8.082753,57,4981.893798,True,0.04673827439546585
-5.669162,91,4986.58051,True,0.0490604043006897
-11.379814,100,4988.921331,True,0.04933704808354378
-1.630074,38,4991.095001,True,0.04958858713507652
-7.138474,98,4995.62861,True,0.04780576005578041
0.776859,27,4995.694597,True,0.04794515669345856
-2.366982,44,4997.895806,True,0.04873170703649521
-6.415106,77,5000.229063,True,0.04999303072690964
-4.314626,56,5002.52863,True,0.049201130867004395
4.919216,1,5002.543104,True,0.02681216225028038
4.910437,1,5002.555364,True,0.028745869174599648
-4.086983,58,5004.814217,True,0.0485500730574131
-5.252506,64,5007.101359,True,0.04959594085812569
-19.511279,108,5009.457719,True,0.04665214940905571
0.944614,28,5011.654639,True,0.04873082414269447
-14.179019,81,5013.91243,True,0.04935702309012413
-5.754867,65,5016.252934,True,0.049619197845458984
-9.534481,75,5018.572855,True,0.04899619519710541
-6.258014,69,5020.948713,True,0.04875793308019638
-17.394165,106,5025.573828,True,0.04837847128510475
3.957524,8,5025.602008,True,0.0484001561999321
0.269318,30,5027.850028,True,0.04818285256624222
-7.985653,75,5030.210426,True,0.04925397410988808
-5.768283,57,5032.593919,True,0.04987044259905815
-6.049796,63,5034.955047,True,0.04891062527894974
3.660671,12,5034.992496,True,0.04939026013016701
3.206361,14,5035.033109,True,0.04818206652998924
4.776514,2,5035.056587,True,0.04988056421279907
-10.424661,63,5037.372298,True,0.04938103258609772
-9.533832,71,5039.730063,True,0.048075031489133835
-24.760209,127,5044.499313,True,0.04669928178191185
-14.731366,92,5049.136444,True,0.04911763593554497
-2.521434,46,5049.25033,True,0.04975908622145653
-8.148263,76,5051.575103,True,0.04965711012482643
-0.760433,40,5053.787807,True,0.04994766786694527
-20.285057,110,5058.289738,True,0.04941223934292793
-4.967079,51,5060.458801,True,0.04712333157658577
-12.209498,84,5062.762189,True,0.04877159744501114
-16.372765,72,5065.060634,True,0.0498107373714447
-6.620362,49,5067.269025,True,0.0454484187066555
-4.44045,67,5069.529948,True,0.04931872710585594
-9.306923,78,5071.750988,True,0.04735195264220238
-6.313833,65,5074.00804,True,0.047514669597148895
-9.526109,75,5076.304006,True,0.048674508929252625
-38.822596,172,5082.918142,True,0.04993807524442673
3.056997,17,5082.955793,True,0.047403931617736816
2.059885,21,5085.111532,True,0.04894039407372475
-6.710922,73,5087.343428,True,0.04989446699619293
-3.698293,58,5089.593592,True,0.048926498740911484
-6.849128,80,5091.889692,True,0.0490197017788887
-4.884514,70,5094.085663,True,0.0492602176964283
3.727601,12,5094.126269,True,0.04814985394477844
-8.46252,79,5096.378734,True,0.04974463954567909
-0.890656,35,5098.516155,True,0.04990041255950928
-1.899038,51,5100.72791,True,0.04894114285707474
3.430884,11,5100.758967,True,0.04939280450344086
2.490712,18,5100.806566,True,0.04650986194610596
-43.036243,391,5114.29186,True,0.049681708216667175
1.001752,27,5116.482756,True,0.04812989383935928
1.319179,28,5116.560536,True,0.04806783050298691
-2.625531,57,5118.827211,True,0.04886379465460777
-10.648967,80,5121.099587,True,0.04832771047949791
-26.025144,113,5125.567148,True,0.048471592366695404
-4.998383,51,5127.812943,True,0.04871981218457222
0.78403,25,5127.885804,True,0.047265466302633286
2.818384,18,5127.936048,True,0.048586830496788025
-2.126989,48,5130.238155,True,0.049551524221897125
-1.003624,38,5132.513496,True,0.04965020343661308
-1.663837,41,5132.614635,True,0.04914058744907379
-2.13276,39,5134.881557,True,0.04928803816437721
-4.905725,63,5137.214998,True,0.04862028360366821
-12.179785,90,5139.571791,True,0.04800591990351677
-1.637837,48,5141.820594,True,0.049749817699193954
-6.128177,61,5144.087393,True,0.04871509224176407
4.902823,1,5144.100101,True,0.03457673639059067
-11.185338,59,5146.498543,True,0.045247431844472885
-11.83564,74,5148.789897,True,0.04951166734099388
-29.558142,294,5160.141182,True,0.042038898915052414
0.929961,27,5160.218208,True,0.04809172824025154
-5.801532,61,5162.575947,True,0.046992745250463486
-5.89355,55,5164.904655,True,0.048512186855077744
-5.158363,49,5167.171229,True,0.0485243946313858
-14.525452,91,5169.545884,True,0.048969682306051254
-3.472451,67,5171.856072,True,0.04939910024404526
-13.652652,79,5176.318592,True,0.04849685728549957
-66.006637,500,5192.605728,False,0.060666512697935104
-6.065061,65,5194.863688,True,0.048231445252895355
-6.649079,69,5197.16758,True,0.04841325059533119
-9.672323,62,5199.421542,True,0.0491749569773674
-4.457665,52,5201.654105,True,0.047859225422143936
2.286086,18,5203.92816,True,0.047496043145656586
-5.15562,57,5204.068856,True,0.04990502446889877
-4.846224,58,5206.411834,True,0.04833497852087021
-1.366523,39,5208.63326,True,0.049380019307136536
2.047942,22,5208.690415,True,0.0489167794585228
-26.421775,148,5215.629635,True,0.049582235515117645
0.007177,35,5215.721736,True,0.04867777228355408
-8.987452,78,5218.084725,True,0.04749932512640953
-11.271611,93,5222.739108,True,0.04852660745382309
1.970987,22,5222.801751,True,0.04786675423383713
1.180801,27,5225.020413,True,0.04864136502146721
-1.227816,44,5225.124701,True,0.049960918724536896
-12.944813,83,5229.725412,True,0.048705652356147766
-5.160698,59,5229.868509,True,0.04980993643403053
-7.499875,63,5232.263776,True,0.047934334725141525
4.927858,1,5232.277192,True,0.024779343977570534
3.40282,14,5234.510448,True,0.04592074826359749
-6.890281,66,5236.965191,True,0.04963916912674904
2.059306,22,5237.02188,True,0.04956699535250664
2.815259,18,5237.072632,True,0.049065276980400085
-10.091399,71,5239.415899,True,0.04784948378801346
-2.327491,50,5241.822871,True,0.04908152297139168
-8.081181,51,5244.15859,True,0.045644935220479965
-0.639146,43,5246.480198,True,0.049929264932870865
4.887305,1,5246.493975,True,0.04305229336023331
-12.865764,113,5251.084351,True,0.04973752424120903
-8.863029,57,5251.187886,True,0.04945450276136398
-6.304765,68,5253.433922,True,0.048994943499565125
-10.822054,69,5257.857093,True,0.04878072068095207
-7.953252,73,5260.118638,True,0.048749759793281555
-26.215434,136,5264.68239,True,0.048626724630594254
-0.126189,43,5264.788408,True,0.04926391690969467
-3.16919,61,5267.222138,True,0.04946120083332062
0.132697,37,5269.497014,True,0.047743674367666245
-0.567511,29,5269.571529,True,0.04648757725954056
-6.299532,58,5271.845506,True,0.04921206459403038
3.297191,12,5274.119693,True,0.049479611217975616
0.682411,28,5274.194667,True,0.04904848337173462
-14.454551,86,5276.541099,True,0.048823848366737366
-3.744136,61,5278.874466,True,0.04931532219052315
-68.819863,500,5300.750028,False,0.0918518528342247
4.922596,1,5300.771479,True,0.033252615481615067
-15.094917,91,5305.335849,True,0.04881887510418892
-5.873457,68,5307.714483,True,0.047818925231695175
-19.207331,78,5310.059498,True,0.04687315225601196
-6.074234,60,5312.428952,True,0.048405103385448456
-9.613035,63,5314.796045,True,0.04786035045981407
-8.950938,72,5317.169554,True,0.04929032921791077
-3.561821,50,5319.394963,True,0.04730270057916641
-4.039277,49,5319.502376,True,0.0486874058842659
4.69574,3,5319.516107,True,0.04587538540363312
-1.099931,42,5321.743786,True,0.04837658628821373
-5.556427,62,5324.077186,True,0.048172127455472946
-9.925957,78,5326.64916,True,0.048697855323553085
-4.397425,55,5329.109856,True,0.049456678330898285
-2.014373,43,5331.547332,True,0.04762608930468559
-9.112106,84,5333.897875,True,0.04924141615629196
-6.887726,58,5336.357147,True,0.04963858053088188
-5.787254,67,5338.765319,True,0.0499248206615448
-10.399749,64,5341.160306,True,0.049458619207143784
-13.861272,79,5343.582566,True,0.04962474852800369
-4.87784,51,5345.941746,True,0.048139069229364395
-17.622524,112,5350.751023,True,0.049422040581703186
-19.116499,112,5355.505241,True,0.04972350224852562
-6.142264,63,5357.858221,True,0.049118172377347946
-16.609195,94,5360.376598,True,0.048587433993816376
-59.47774,500,5378.937284,False,0.07481758296489716
-62.056259,500,5396.789492,False,0.08923078328371048
-18.293316,103,5398.919905,True,0.04968053102493286
-8.341743,77,5403.067919,True,0.04834221675992012
0.788852,29,5403.115404,True,0.04815329983830452
-14.278755,84,5404.971303,True,0.0468255840241909
-26.036006,155,5411.311243,True,0.04878249019384384
-3.741897,50,5411.405478,True,0.04899600148200989
3.002976,17,5413.320021,True,0.049571868032217026
4.377208,5,5413.337046,True,0.04706334322690964
-9.6015,89,5415.444265,True,0.04995802789926529
0.462,35,5417.350503,True,0.048804860562086105
-0.192718,28,5417.408932,True,0.049963317811489105
-18.487145,103,5420.947133,True,0.048720259219408035
4.307627,6,5420.962128,True,0.04855059087276459
2.707083,16,5420.993828,True,0.04692068696022034
0.204946,35,5422.67561,True,0.04984646663069725
-3.16517,50,5422.758115,True,0.048420920968055725
-21.337674,110,5426.338822,True,0.04786783829331398
-26.146002,117,5429.870161,True,0.04850059002637863
-2.135694,44,5431.62569,True,0.04999159276485443
-5.095812,57,5433.44968,True,0.048611339181661606
-4.201407,59,5435.376628,True,0.04974321275949478
-13.571675,92,5437.59381,True,0.04855036735534668
0.751452,31,5437.655743,True,0.04920109361410141
-1.623514,49,5439.44219,True,0.04976164922118187
-4.290443,50,5441.198798,True,0.0483102984726429
2.574298,17,5441.238804,True,0.04655185341835022
-3.279059,48,5442.976647,True,0.04941561073064804
-8.580905,55,5444.715085,True,0.0448409728705883
-5.26807,56,5446.520547,True,0.04839104413986206
-5.550156,71,5448.406262,True,0.0488801933825016
-11.135424,86,5450.363997,True,0.04857395961880684
4.062482,8,5450.380867,True,0.04861612617969513
-6.130437,72,5452.205814,True,0.04852842539548874
-10.143807,82,5455.791272,True,0.049339670687913895
4.913391,1,5455.801458,True,0.0333186537027359
-6.086772,48,5457.57554,True,0.0461074635386467
-5.59461,70,5459.406444,True,0.049506425857543945
-10.97081,106,5461.318429,True,0.049608178436756134
-20.406496,117,5464.831739,True,0.04876292869448662
4.908028,1,5464.839879,True,0.03223061189055443
2.914064,15,5464.867201,True,0.04902440309524536
-3.508944,46,5466.662339,True,0.049440640956163406
-10.019901,63,5468.527829,True,0.04949263483285904
4.914909,1,5468.534978,True,0.027616361156105995
4.883424,1,5468.544135,True,0.047700781375169754
-3.536674,57,5470.392977,True,0.04763683304190636
-4.405731,62,5472.253008,True,0.049033720046281815
-5.146196,65,5474.053766,True,0.049447398632764816
-2.689012,45,5475.837863,True,0.04891764000058174
0.05172,32,5475.90192,True,0.048531461507081985
-16.173309,101,5479.293446,True,0.049731891602277756
2.546749,21,5479.33244,True,0.049030471593141556
-5.252049,62,5481.131136,True,0.04907876253128052
-4.70038,60,5482.910385,True,0.048645250499248505
-11.50195,76,5484.766548,True,0.04791688919067383
-3.555401,52,5486.447637,True,0.04918047785758972
-36.550608,142,5490.16076,True,0.04811703786253929
0.215762,28,5491.921775,True,0.04917580261826515
4.324401,6,5491.938505,True,0.04755791649222374
-7.41326,58,5493.724934,True,0.04808979481458664
3.591949,12,5493.754677,True,0.04632211849093437
-4.810879,63,5495.578551,True,0.048489686101675034
-2.682747,48,5497.401333,True,0.04993966221809387
-17.756968,91,5499.183809,True,0.04786292091012001
-1.97741,59,5501.132156,True,0.04851452633738518
-1.022817,55,5502.965519,True,0.04955015704035759
1.343567,35,5503.033603,True,0.04988975077867508
-2.62961,46,5504.882246,True,0.0495411716401577
1.132771,28,5504.940198,True,0.0496855154633522
-2.780795,53,5506.694585,True,0.049663446843624115
3.583171,12,5506.717359,True,0.04876096546649933
2.783991,16,5508.463589,True,0.048539940267801285
-7.061443,75,5510.313279,True,0.049922797828912735
3.333576,15,5510.352082,True,0.04950840026140213
-7.040439,74,5512.114311,True,0.048952747136354446
-5.341285,46,5513.817564,True,0.04607081413269043
-8.775358,92,5515.679067,True,0.047844525426626205
-10.842312,71,5519.034169,True,0.04618394747376442
-12.152756,86,5520.811346,True,0.04874742403626442
2.23495,24,5520.859117,True,0.04905078560113907
-12.15373,90,5524.31204,True,0.048633918166160583
2.133436,19,5524.356859,True,0.04844793304800987
-4.967646,56,5526.072451,True,0.049568209797143936
-18.563594,162,5529.7414,True,0.04968351870775223
-20.587385,104,5533.436457,True,0.0482528991997242
-0.851034,37,5535.193453,True,0.04808986559510231
-9.390633,53,5535.287826,True,0.048822443932294846
-2.226026,40,5537.068594,True,0.04726768657565117
-6.937293,58,5539.030154,True,0.048542171716690063
1.733762,20,5539.079597,True,0.04735070466995239
-19.117382,92,5542.858504,True,0.04997949302196503
-0.744044,40,5542.927308,True,0.047837480902671814
-0.846322,41,5544.682766,True,0.04882771149277687
-15.539628,89,5546.731305,True,0.04987628012895584
-8.461896,77,5550.472776,True,0.04915139824151993
-3.575458,39,5550.536163,True,0.047462549060583115
-5.691348,67,5552.325386,True,0.04890654608607292
2.527307,19,5552.372196,True,0.0481882207095623
0.156831,39,5554.13235,True,0.04998064413666725
-0.122314,41,5556.062311,True,0.04978068545460701
-0.859252,40,5556.128643,True,0.04997686669230461
3.734745,11,5557.880346,True,0.04909897223114967
0.817342,35,5557.938995,True,0.04888244345784187
-10.450787,69,5559.754838,True,0.04907601699233055
-38.291366,250,5566.903084,True,0.027619896456599236
-12.744777,92,5570.471627,True,0.048587098717689514
4.917256,1,5570.480469,True,0.03040354698896408
0.548784,25,5570.528616,True,0.04735209047794342
-16.339747,88,5572.309296,True,0.04717893525958061
-13.150031,73,5574.064494,True,0.04958005249500275
-4.947649,50,5575.798426,True,0.04927746579051018
-22.048759,118,5579.307418,True,0.04882218316197395
2.380909,20,5579.34773,True,0.0494694747030735
-8.334106,62,5581.138379,True,0.04884565621614456
-0.929629,39,5582.838963,True,0.04708413407206535
-11.59742,77,5584.585113,True,0.04943498969078064
-5.848697,51,5586.351645,True,0.04964032024145126
4.350663,6,5586.372957,True,0.04766351729631424
4.885615,1,5586.380936,True,0.04508630931377411
-9.582006,87,5588.171667,True,0.04853348061442375
-3.036627,52,5589.944379,True,0.04913223162293434
-9.570209,80,5591.784477,True,0.04950632154941559
-7.435884,65,5593.562489,True,0.049391865730285645
-7.257422,52,5595.316026,True,0.04926203936338425
-3.136901,46,5597.10439,True,0.04756573215126991
-4.695092,69,5598.867376,True,0.04841386154294014
-14.549665,78,5600.70157,True,0.047657884657382965
-10.357395,78,5604.208621,True,0.04953106865286827
-0.236111,35,5604.271208,True,0.04861881583929062
2.483754,20,5604.315254,True,0.04936864599585533
-1.925155,45,5606.180164,True,0.0493817999958992
-0.210315,38,5607.96939,True,0.049769628793001175
-14.483921,82,5609.782589,True,0.04938378930091858
-17.812716,105,5613.399734,True,0.04958725348114967
-4.642923,47,5613.489762,True,0.04859680309891701
-0.068559,37,5615.310539,True,0.04995957016944885
1.228158,22,5615.365756,True,0.04682449623942375
-5.551468,57,5617.119857,True,0.049519676715135574
-4.93096,62,5618.931335,True,0.04892977699637413
-5.234661,60,5620.703586,True,0.046462174504995346
-15.70451,85,5622.48969,True,0.04917598143219948
-9.04748,61,5624.295095,True,0.04965614527463913
3.091308,15,5626.701184,True,0.049140237271785736
-4.412629,59,5628.545795,True,0.048586759716272354
-5.253655,64,5630.61314,True,0.04992717131972313
4.036272,8,5630.639026,True,0.046511825174093246
4.679642,3,5630.6512,True,0.048010893166065216
-3.21655,49,5630.730567,True,0.049127064645290375
-6.443081,62,5633.214739,True,0.04869278147816658
-10.264952,68,5635.229561,True,0.04969106614589691
-14.348201,95,5639.441253,True,0.047699544578790665
-1.59512,46,5641.596742,True,0.049135640263557434
-1.040582,42,5641.685258,True,0.0488748773932457
-20.131202,96,5645.998949,True,0.04827171564102173
-9.35225,71,5648.193226,True,0.0487726554274559
3.329312,13,5648.237884,True,0.04883137345314026
1.595142,24,5650.360189,True,0.04938921332359314
4.893865,1,5650.375013,True,0.046215206384658813
-4.08232,60,5650.555747,True,0.04977504163980484
-17.751848,99,5654.758177,True,0.048735249787569046
-13.399341,96,5659.077061,True,0.0494011826813221
1.357856,25,5659.137004,True,0.048480067402124405
-91.450317,500,5676.768876,False,0.10644570738077164
4.414259,5,5676.795248,True,0.04794738441705704
0.274577,37,5676.862622,True,0.0484188087284565
2.296151,17,5679.006502,True,0.04816237464547157
-8.99044,71,5681.179485,True,0.049876656383275986
2.995572,14,5681.219175,True,0.045601945370435715
-5.344268,64,5683.438918,True,0.049673907458782196
-15.603261,97,5685.709284,True,0.04787540063261986
-2.22611,42,5687.878488,True,0.048898663371801376
-24.263711,154,5694.29563,True,0.048764947801828384
2.441837,21,5694.346218,True,0.049680039286613464
-1.833505,50,5696.474746,True,0.04809564724564552
2.876884,16,5696.511714,True,0.048578836023807526
-53.177906,500,5714.06623,False,0.057567644864320755
-14.9477,98,5716.425578,True,0.048554036766290665
-0.530984,39,5718.55013,True,0.04973725974559784
-5.474282,63,5720.691195,True,0.048162225633859634
1.817012,24,5720.754438,True,0.048477653414011
4.782405,2,5720.770274,True,0.04878130927681923
-11.235566,96,5724.890355,True,0.04961327463388443
-7.971687,81,5727.134979,True,0.04909057915210724
3.632345,10,5727.157681,True,0.049443475902080536
-6.932046,64,5729.348811,True,0.04999810457229614
-1.130013,36,5731.478513,True,0.04862368479371071
4.890409,1,5731.49547,True,0.04280057176947594
-17.055747,104,5733.688647,True,0.046560827642679214
-8.384694,76,5737.856753,True,0.049625810235738754
-5.440278,60,5740.015604,True,0.04857679083943367
-1.858305,46,5740.106643,True,0.04995584860444069
1.451234,25,5742.248217,True,0.04719122126698494
-0.796902,29,5742.318536,True,0.048572663217782974
-5.4596,58,5744.473422,True,0.04954586178064346
2.492368,17,5744.520877,True,0.04642071947455406
-9.161695,98,5748.8567,True,0.04954301938414574
-15.997974,94,5751.128729,True,0.04857351630926132
2.301994,21,5753.237942,True,0.049605660140514374
-5.231343,65,5755.426517,True,0.04837022349238396
-23.995904,114,5757.747321,True,0.04902014508843422
-10.403734,64,5759.940139,True,0.04864015057682991
-19.360092,107,5766.355625,True,0.0481925867497921
-4.181984,52,5768.509937,True,0.049821432679891586
-13.206753,75,5770.723649,True,0.04999200254678726
-4.129596,53,5772.867968,True,0.04839768633246422
1.906699,24,5772.940471,True,0.04977338761091232
1.27609,25,5775.092635,True,0.04915552958846092
2.544568,19,5775.127245,True,0.04961788281798363
-0.804428,38,5777.244619,True,0.0499894805252552
-13.341252,75,5779.396213,True,0.04944078251719475
-24.072853,295,5788.287497,True,0.049057308584451675
-2.742884,58,5790.468309,True,0.04979132115840912
-11.681039,90,5794.742792,True,0.04992126300930977
-16.916647,101,5797.020872,True,0.049859244376420975
-5.695138,49,5799.165777,True,0.047897253185510635
-2.455767,55,5801.394453,True,0.049585528671741486
-16.577988,93,5803.615541,True,0.04786140099167824
-2.862408,63,5805.770959,True,0.049079328775405884
2.368535,19,5807.841294,True,0.04798625037074089
-1.587713,40,5807.931921,True,0.04779663309454918
2.729555,16,5807.978101,True,0.04882216453552246
4.069728,8,5810.031331,True,0.04895336180925369
-8.191463,71,5812.195433,True,0.04860134422779083
4.172553,7,5812.219213,True,0.04931360110640526
0.520542,33,5812.287642,True,0.04921087995171547
-16.861092,112,5816.670452,True,0.04963104799389839
-9.546306,59,5818.8712,True,0.04783008247613907
-0.044774,32,5818.936218,True,0.04997109994292259
1.955357,24,5821.074615,True,0.049566227942705154
-10.181356,72,5823.275453,True,0.04738873988389969
-14.380534,112,5827.559639,True,0.048311568796634674
-8.707979,93,5829.790761,True,0.049842990934848785
-1.546175,55,5831.930656,True,0.049364980310201645
-8.789312,68,5834.163711,True,0.04961236193776131
-7.651565,66,5836.330297,True,0.04927503317594528
-26.838159,122,5840.685009,True,0.04786750674247742
0.330973,38,5842.829756,True,0.049146346747875214
-8.162322,83,5845.35446,True,0.04847696051001549
-9.625522,76,5847.768691,True,0.04803632199764252
-8.296925,88,5850.147818,True,0.049614276736974716
4.199124,7,5852.375484,True,0.04968956857919693
-5.770247,57,5852.502345,True,0.04951752722263336
-6.265955,71,5856.397123,True,0.04929959028959274
-25.838926,141,5860.603554,True,0.04915114492177963
3.948894,9,5860.633063,True,0.04792723059654236
-0.831157,34,5860.745109,True,0.048786018043756485
3.809192,10,5862.770257,True,0.048473913222551346
-7.5888,56,5862.869495,True,0.04815042391419411
-1.839319,47,5865.121978,True,0.049174316227436066
-12.139961,75,5867.432916,True,0.049671709537506104
0.7724,34,5869.269132,True,0.04909539222717285
2.438587,19,5869.310895,True,0.047447267919778824
-6.006854,62,5871.181942,True,0.04885724186897278
-2.302483,41,5873.042318,True,0.047376710921525955
-10.554555,83,5874.916431,True,0.04707300662994385
-10.709018,71,5876.774463,True,0.048046234995126724
0.514773,33,5878.627912,True,0.049673400819301605
-7.978901,73,5880.504046,True,0.0477311834692955
-4.963162,55,5882.407454,True,0.04942866042256355
-11.756568,92,5884.273612,True,0.04927871748805046
-14.950135,92,5888.082394,True,0.049059342592954636
-3.48566,48,5888.184361,True,0.04985857754945755
-15.471591,127,5892.070324,True,0.04943676292896271
-11.400287,86,5895.793777,True,0.04775986075401306
-13.515007,73,5897.677497,True,0.046560924500226974
-12.201911,66,5899.532364,True,0.045850154012441635
3.504474,12,5899.56223,True,0.048529159277677536
-4.150647,40,5901.374413,True,0.048065174371004105
-9.744661,72,5903.174369,True,0.04847901687026024
-11.662404,88,5905.023252,True,0.04973798245191574
-7.950498,61,5906.932355,True,0.04913695529103279
-8.783369,55,5908.759562,True,0.048992056399583817
3.998816,8,5908.777342,True,0.04752729833126068
-11.05852,74,5910.573737,True,0.04710213840007782
-7.373695,63,5912.426362,True,0.04997025057673454
-3.998392,59,5914.198444,True,0.048945460468530655
-79.318481,500,5929.531828,False,0.14430086314678192
1.918663,26,5929.593475,True,0.048615239560604095
-3.308633,62,5931.423189,True,0.04959782585501671
-7.835534,60,5933.24895,True,0.04612623155117035
-4.92469,56,5934.988775,True,0.04863705858588219
-11.989659,74,5936.822085,True,0.047924142330884933
-0.905049,34,5938.503941,True,0.04997139424085617
-5.896325,66,5940.294269,True,0.049181971698999405
-1.962756,40,5942.083434,True,0.049646712839603424
-0.02459,29,5942.163347,True,0.04947288706898689
0.957999,23,5942.215645,True,0.043585896492004395
-8.400433,68,5944.053051,True,0.04877857491374016
-5.599967,54,5945.794043,True,0.04833265021443367
-8.171713,82,5949.253273,True,0.04989122971892357
2.366127,17,5949.292665,True,0.045051947236061096
-9.089805,66,5951.064064,True,0.04803703352808952
2.806812,20,5951.102309,True,0.04969761520624161
-3.461885,51,5952.782277,True,0.04837428033351898
0.556629,29,5952.83827,True,0.049066487699747086
1.004177,23,5954.556311,True,0.04535207524895668
-17.831576,120,5958.101089,True,0.04998470097780228
-1.404693,42,5958.179494,True,0.048178501427173615
-0.072586,39,5959.88119,True,0.04878551512956619
1.12012,31,5959.944512,True,0.049584534019231796
-0.50599,35,5961.703894,True,0.048349082469940186
-14.014636,115,5965.169206,True,0.0499575138092041
-7.813599,59,5966.955784,True,0.04963867738842964
2.097893,20,5967.005602,True,0.04770129173994064
-12.843128,96,5968.886303,True,0.04946853220462799
2.362772,18,5970.598219,True,0.048157140612602234
-10.833124,78,5972.421988,True,0.049910206347703934
4.928882,1,5972.431169,True,0.008078851737082005
-8.071675,72,5974.224341,True,0.047120604664087296
-15.175162,92,5977.759292,True,0.049483515322208405
-1.082157,38,5977.820995,True,0.04778718203306198
1.521421,21,5977.860728,True,0.04730716720223427
-8.233203,55,5979.619727,True,0.046366602182388306
-14.988769,89,5983.196778,True,0.0478694923222065
-8.021511,66,5984.960383,True,0.049645982682704926
-8.183872,58,5986.797221,True,0.046830274164676666
-2.244322,49,5986.880533,True,0.048531562089920044
-11.882216,82,5990.484007,True,0.04659208282828331
-74.366018,500,6003.15431,False,0.08244522660970688
-1.274634,40,6004.852702,True,0.04745902866125107
-1.6255,42,6006.645171,True,0.04935896024107933
-5.202157,57,6008.41983,True,0.04820185899734497
-7.02007,47,6008.496119,True,0.047502048313617706
1.916296,25,6010.184508,True,0.047457460314035416
1.480746,26,6010.244938,True,0.04834180325269699
-1.698635,53,6012.10517,True,0.049973707646131516
-8.767337,67,6013.862731,True,0.04785158485174179
-6.996475,85,6015.746894,True,0.04959113150835037
-4.232294,51,6017.536696,True,0.04820042476058006
3.204699,14,6017.577042,True,0.04908708482980728
-8.256244,68,6019.419062,True,0.0494997613132
4.946084,1,6019.427045,True,0.020911328494548798
-7.060754,96,6023.022389,True,0.047795429825782776
-10.559744,85,6024.829699,True,0.04583066701889038
-1.610506,36,6026.555228,True,0.048906970769166946
-3.770613,47,6028.238894,True,0.0476803295314312
-2.924811,42,6028.321665,True,0.04930108040571213
-14.25222,93,6031.768722,True,0.04777095839381218
-4.759591,44,6031.849646,True,0.049623675644397736
4.925783,1,6031.857952,True,0.02421075478196144
-9.625746,94,6035.248431,True,0.049431655555963516
-1.995296,39,6037.045505,True,0.04762320965528488
-11.397442,75,6038.85312,True,0.04950172081589699
1.83943,21,6038.896575,True,0.0499626062810421
-12.021224,83,6040.712119,True,0.047889627516269684
-1.858741,48,6042.515068,True,0.04988459125161171
-10.186716,86,6044.434361,True,0.04894232004880905
-5.192118,62,6046.15991,True,0.04898006096482277
4.577916,4,6046.171746,True,0.04686262086033821
4.891146,1,6046.182892,True,0.03995593264698982
-21.923002,109,6049.618204,True,0.04669169336557388
-10.981108,77,6051.653223,True,0.048754747956991196
-17.750866,127,6055.19432,True,0.04922547936439514
-55.743137,477,6069.756827,True,0.04695719853043556
-18.678328,113,6073.209917,True,0.04822650924324989
-11.9432,63,6074.985097,True,0.0461256243288517
-56.145123,500,6087.460769,False,0.07296909391880035
-12.045585,122,6091.153561,True,0.04983450099825859
1.091375,26,6092.962031,True,0.04752630367875099
2.358882,21,6092.997123,True,0.049289461225271225
-2.07647,40,6094.679134,True,0.04780680313706398
-11.269612,75,6096.543253,True,0.04900195822119713
-3.59251,54,6098.223572,True,0.04749063402414322
-13.947728,84,6100.002737,True,0.049457110464572906
-3.155708,45,6101.779553,True,0.04880361631512642
-3.451121,60,6103.54849,True,0.04958406835794449
4.915025,1,6103.556553,True,0.03495792672038078
3.258852,12,6103.57944,True,0.04849475622177124
-17.180766,75,6105.499344,True,0.04642689600586891
-6.711595,71,6107.235208,True,0.049694981426000595
-17.647247,82,6109.034145,True,0.04895775765180588
-2.932095,48,6110.763594,True,0.04654735326766968
-5.119422,59,6112.591072,True,0.04984208568930626
-10.964168,76,6114.503986,True,0.048540640622377396
-5.401728,53,6116.351323,True,0.04862486571073532
-11.210867,95,6119.68043,True,0.048897504806518555
-5.093105,68,6121.370565,True,0.04947572946548462
-5.190934,57,6121.461561,True,0.04844149202108383
-11.994416,85,6124.847412,True,0.048687949776649475
-3.378504,50,6126.650938,True,0.04894420877099037
-7.328462,66,6128.386327,True,0.04991026222705841
1.857923,25,6128.433391,True,0.0493597611784935
-17.262186,86,6130.229266,True,0.04790602624416351
-10.051386,73,6132.092239,True,0.04986308887600899
-7.34088,64,6133.823336,True,0.0491829477250576
-11.816316,64,6135.701527,True,0.048717305064201355
-11.031371,98,6139.146413,True,0.047678977251052856
-11.443857,77,6140.967609,True,0.047812506556510925
3.861857,11,6140.991982,True,0.04935478791594505
-0.83247,34,6142.734391,True,0.04981506988406181
0.174566,35,6142.799341,True,0.04945792630314827
-9.611359,81,6146.2022,True,0.0498199500143528
-18.835036,127,6149.637056,True,0.04929213970899582
-5.327155,56,6151.454502,True,0.04807421565055847
-2.7749,46,6151.526516,True,0.046713050454854965
4.082674,8,6151.550541,True,0.04852328449487686
-8.811843,62,6153.312297,True,0.0460808165371418
-14.248858,113,6156.784933,True,0.04832397401332855
-0.180707,30,6158.408315,True,0.044158320873975754
-7.604912,73,6160.172444,True,0.048746611922979355
3.576131,11,6160.194086,True,0.047191470861434937
-11.480918,73,6162.058827,True,0.04749741777777672
-6.740464,64,6163.964653,True,0.04867125675082207
3.967817,9,6163.985933,True,0.04777330905199051
-9.238848,73,6165.8891,True,0.049657948315143585
1.348672,25,6167.648257,True,0.049706097692251205
-3.90073,44,6167.742029,True,0.049984224140644073
-18.571135,94,6171.255871,True,0.04869503527879715
-6.37314,61,6172.98948,True,0.048310887068510056
-8.598581,71,6174.724869,True,0.04974984750151634
-2.595646,48,6176.538976,True,0.04987242817878723
-4.383902,48,6176.612115,True,0.049670975655317307
-3.950714,42,6178.492043,True,0.046065445989370346
-6.928583,62,6180.410879,True,0.049715545028448105
-2.914842,40,6182.202513,True,0.04978198558092117
-1.933532,46,6182.274954,True,0.04993119835853577
-3.588037,47,6184.006149,True,0.04854436591267586
0.610512,29,6185.708373,True,0.048454102128744125
-75.337517,500,6198.444983,False,0.09107841551303864
-26.072848,153,6203.723856,True,0.048778366297483444
0.93469,29,6203.770889,True,0.04931513965129852
-2.14234,52,6205.520243,True,0.04978169500827789
-2.2217,43,6208.073183,True,0.04953071102499962
-21.407697,102,6209.932545,True,0.04777700826525688
-47.798945,500,6226.090566,False,0.05673021078109741
-1.201261,33,6228.104865,True,0.04983454570174217
-114.778833,500,6243.7666,False,0.1629931628704071
-6.083003,77,6245.617756,True,0.048755235970020294
-15.722335,103,6247.506002,True,0.049927886575460434
-2.297996,46,6249.313794,True,0.04978920519351959
-10.708486,72,6251.295707,True,0.047093551605939865
0.814802,23,6253.117318,True,0.04721754789352417
1.475123,27,6253.167322,True,0.04772642254829407
-21.086639,109,6257.138086,True,0.049091268330812454
-57.124704,476,6270.006545,True,0.04875985160470009
-4.531859,63,6271.78081,True,0.048108674585819244
0.97798,24,6271.824822,True,0.04890778660774231
-5.511073,45,6273.61361,True,0.04908736050128937
3.310962,13,6273.645039,True,0.04886511713266373
2.359139,18,6275.417345,True,0.04489683732390404
0.088823,42,6275.483735,True,0.04984556883573532
2.402118,21,6277.32002,True,0.04909103736281395
4.899337,1,6277.328147,True,0.04241442680358887
-18.19994,94,6279.244432,True,0.046826280653476715
-4.390347,71,6281.129278,True,0.04888973757624626
0.757226,35,6283.049319,True,0.04889650270342827
-1.474743,49,6285.392406,True,0.04907616972923279
-2.657503,57,6285.508308,True,0.04888385161757469
4.387068,5,6287.542834,True,0.048374779522418976
-7.903814,67,6289.667263,True,0.0476972758769989
-6.893331,75,6291.799423,True,0.04897079989314079
4.909625,1,6291.808261,True,0.036538176238536835
-6.478688,65,6293.84365,True,0.047504179179668427
-20.037817,115,6297.966107,True,0.04935766011476517
-1.895736,41,6298.043113,True,0.047684986144304276
-13.734613,84,6302.01583,True,0.04856574535369873
-20.441412,111,6304.145446,True,0.049886882305145264
2.938533,16,6304.189202,True,0.04799440875649452
4.651921,3,6305.938047,True,0.04751046001911163
-5.515599,72,6307.697957,True,0.04936223477125168
0.137313,32,6307.754553,True,0.048807770013809204
-4.716223,44,6309.495696,True,0.0459248349070549
-5.12777,45,6311.328854,True,0.049114082008600235
-0.284531,41,6311.412485,True,0.04936031624674797
-1.635143,36,6313.133224,True,0.04848332703113556
-1.766917,41,6313.207637,True,0.04961803928017616
-4.107383,63,6315.100811,True,0.049926288425922394
-15.690753,98,6318.723842,True,0.048494093120098114
-1.655955,40,6320.390411,True,0.049721404910087585
-10.407911,77,6322.333796,True,0.04971006140112877
0.530366,28,6322.396244,True,0.04760449007153511
1.030902,26,6324.096321,True,0.04806452617049217
3.271453,15,6324.124836,True,0.046684786677360535
-19.199325,97,6325.894743,True,0.04889150708913803
2.136137,19,6327.658548,True,0.04558664187788963
-13.206388,94,6329.456143,True,0.049986474215984344
3.21612,13,6329.480135,True,0.047976572066545486
-13.788152,90,6333.019859,True,0.04988841339945793
-13.252824,85,6334.853825,True,0.04987332969903946
-5.082871,56,6336.671238,True,0.048500027507543564
-22.152783,206,6342.072166,True,0.049976788461208344
1.160675,30,6343.860537,True,0.04982979968190193
-13.63685,102,6345.726091,True,0.049918875098228455
1.870034,27,6347.488976,True,0.048916272819042206
-10.934993,81,6349.28453,True,0.0476471371948719
-19.971376,107,6352.763991,True,0.048715654760599136
-14.380565,88,6354.607811,True,0.04735720157623291
-12.646478,83,6356.376086,True,0.04852546006441116
-4.58591,41,6358.219742,True,0.04775399714708328
3.523671,11,6358.245763,True,0.04828714206814766
3.833932,9,6358.265008,True,0.04540261626243591
-17.237659,93,6361.82015,True,0.047815192490816116
-5.458281,51,6361.905361,True,0.04709818586707115
3.295877,14,6363.678529,True,0.048475231975317
-5.029885,76,6365.487417,True,0.0487704835832119
2.167312,24,6365.537826,True,0.04900027811527252
4.505683,4,6365.551172,True,0.04471036046743393
-6.059999,64,6367.674514,True,0.04855756089091301
-4.949179,49,6369.399576,True,0.046555135399103165
4.254567,6,6369.42235,True,0.04661845788359642
-3.724399,52,6371.144329,True,0.04957754909992218
-7.189924,64,6372.993335,True,0.04974743723869324
-4.174569,42,6374.779412,True,0.04760897532105446
-2.843725,44,6374.862871,True,0.049273375421762466
4.434237,5,6374.880104,True,0.0475664846599102
-3.273172,52,6376.693434,True,0.04953761398792267
4.888908,1,6376.701582,True,0.03694631904363632
1.359102,30,6378.452248,True,0.04888342693448067
1.425549,27,6378.500717,True,0.04908258467912674
-3.446634,44,6380.259496,True,0.048257600516080856
2.462189,19,6380.299025,True,0.04793281853199005
0.214092,30,6382.087794,True,0.049412768334150314
-3.276861,43,6382.154301,True,0.045359622687101364
-5.433699,59,6383.819245,True,0.0482383668422699
-7.025949,70,6385.599559,True,0.049452342092990875
-8.38993,70,6387.461375,True,0.04955777898430824
-7.017037,60,6389.407412,True,0.04961491748690605
-11.509603,81,6392.930881,True,0.047829777002334595
-13.481453,97,6394.729493,True,0.04740498587489128
1.210846,23,6394.767744,True,0.04682004079222679
-14.334388,82,6398.183801,True,0.04853681102395058
-2.58724,46,6398.272412,True,0.047529954463243484
1.931067,21,6399.967619,True,0.049800705164670944
-7.552664,52,6401.78425,True,0.04673599824309349
-2.303289,34,6401.839187,True,0.048748500645160675
1.564992,25,6401.894072,True,0.04844579100608826
-3.230132,54,6403.736561,True,0.04924887418746948
4.893092,1,6403.745535,True,0.04540792852640152
-12.565709,76,6407.300178,True,0.049233194440603256
-5.27553,56,6407.43172,True,0.04815085232257843
-16.718638,201,6414.557692,True,0.04998156055808067
-4.116523,57,6414.659031,True,0.049258794635534286
4.908017,1,6414.670484,True,0.02704218588769436
-3.031326,54,6416.423485,True,0.048795901238918304
0.974037,31,6418.143666,True,0.04986277595162392
-0.425724,40,6418.204829,True,0.04882711544632912
-1.764879,47,6419.993884,True,0.04858528822660446
1.318757,27,6421.792016,True,0.04826291650533676
-5.080852,57,6421.899864,True,0.046757739037275314
-16.474233,105,6425.858264,True,0.049074072390794754
-21.566953,119,6429.846185,True,0.048392511904239655
-17.223918,130,6433.875491,True,0.04936486855149269
-2.678382,47,6435.883413,True,0.04983624443411827
4.887568,1,6435.891508,True,0.046023137867450714
-79.844287,500,6453.356348,False,0.10476847738027573
-17.022598,123,6455.284623,True,0.049314700067043304
-6.095656,68,6459.190583,True,0.048189926892519
-2.496212,48,6459.274173,True,0.04861575737595558
-8.447916,66,6461.2658,True,0.046967051923274994
-8.752876,80,6465.589734,True,0.049432992935180664
4.501756,4,6465.602334,True,0.048488788306713104
0.206526,36,6465.699199,True,0.04968343675136566
-8.938608,71,6467.988851,True,0.04994538426399231
-8.756265,81,6472.484701,True,0.0497937873005867
0.212641,33,6472.563458,True,0.048729635775089264
-4.371571,61,6474.757632,True,0.0492146871984005
-2.054669,43,6476.988877,True,0.048053812235593796
-0.990223,38,6477.085172,True,0.04874975234270096
-10.681086,74,6479.447249,True,0.046304792165756226
-3.378982,48,6481.852935,True,0.0480637289583683
-19.145789,97,6486.198657,True,0.049544159322977066
-17.040261,104,6488.511716,True,0.049647558480501175
2.99713,18,6490.739285,True,0.04926188290119171
0.596662,25,6490.797024,True,0.04476277902722359
-1.969324,50,6493.120883,True,0.04717224836349487
-9.569141,69,6495.390855,True,0.049918197095394135
4.910057,1,6495.399417,True,0.03140748292207718
1.527021,25,6495.459916,True,0.04849007725715637
-0.918911,44,6497.693734,True,0.04953613132238388
4.538372,4,6497.711993,True,0.048945218324661255
-2.739448,59,6500.11705,True,0.04898431897163391
-1.468734,50,6502.364669,True,0.047982972115278244
-9.620646,67,6504.607207,True,0.04928804188966751
-6.144032,74,6506.919357,True,0.04988982900977135
-5.55707,62,6509.42298,True,0.049210209399461746
1.35754,28,6509.564724,True,0.049433134496212006
-39.570533,224,6518.863641,True,0.04992455989122391
-9.649362,86,6521.076917,True,0.04986123368144035
-13.84705,69,6523.208087,True,0.04905557259917259
2.012971,20,6525.208719,True,0.04866696521639824
4.513264,4,6525.229012,True,0.04939629137516022
-11.991852,115,6527.494001,True,0.049048904329538345
-4.606854,58,6529.662585,True,0.04896044731140137
0.411407,30,6531.776545,True,0.04966593533754349
4.933417,1,6531.784524,True,0.020996607840061188
4.95719,1,6531.796492,True,0.006203989498317242
4.319511,6,6531.818433,True,0.048003751784563065
-6.492999,74,6533.982392,True,0.047444041818380356
-9.185515,82,6536.167499,True,0.048726048320531845
-8.941005,69,6538.498611,True,0.049422502517700195
-15.139727,82,6542.826552,True,0.049722328782081604
3.218273,14,6542.856819,True,0.04981940984725952
-1.624242,53,6544.981122,True,0.04965463653206825
3.773981,10,6545.016374,True,0.04895446076989174
-4.736188,61,6547.149827,True,0.04774709790945053
-13.482591,94,6549.381512,True,0.048603665083646774
-6.549238,60,6551.531948,True,0.04791306331753731
-5.378716,56,6553.691825,True,0.048124104738235474
-3.018096,39,6555.787578,True,0.0498315803706646
-13.872773,106,6558.046817,True,0.04739828780293465
0.927454,23,6560.043417,True,0.047914378345012665
-10.822226,105,6562.260552,True,0.049747828394174576
-13.706746,84,6566.445605,True,0.048012297600507736
-7.175712,68,6568.563002,True,0.048265669494867325
2.321375,22,6568.613227,True,0.04994375258684158
-13.941859,79,6570.857582,True,0.04611949622631073
-10.493523,75,6575.113835,True,0.046820539981126785
-15.482096,78,6577.31709,True,0.04953610152006149
-4.99262,65,6579.509001,True,0.04962647333741188
0.2914,29,6579.589654,True,0.04867047443985939
1.275447,25,6581.663654,True,0.04999074712395668
4.884734,1,6581.679002,True,0.04578295722603798
2.617662,17,6581.730652,True,0.04775925725698471
0.863256,34,6581.794975,True,0.04911612346768379
-1.238606,38,6583.967251,True,0.048568617552518845
-6.556454,64,6586.135019,True,0.048749759793281555
-5.290721,67,6588.208483,True,0.0482659712433815
2.156077,21,6588.274005,True,0.049548741430044174
-2.940845,52,6590.397758,True,0.04694696143269539
-11.588149,84,6594.600102,True,0.04745882377028465
-19.475859,103,6596.795819,True,0.04992464929819107
1.446761,24,6598.934679,True,0.0489875003695488
-7.44499,58,6599.072083,True,0.04781856760382652
-20.743172,113,6603.473244,True,0.04940258711576462
-3.213494,45,6605.583962,True,0.049454089254140854
1.241582,29,6605.648072,True,0.049825072288513184
-7.704738,77,6609.834672,True,0.04919475317001343
2.994883,17,6609.870441,True,0.04924245923757553
3.987263,8,6609.898454,True,0.04922064021229744
-10.318793,57,6612.104541,True,0.04617401957511902
-9.323947,71,6614.254564,True,0.047718532383441925
-19.39519,104,6618.588762,True,0.04871521145105362
4.902127,1,6618.602632,True,0.04013780876994133
-4.315775,58,6618.741523,True,0.04830150678753853
4.887675,1,6618.755048,True,0.039384838193655014
-12.740268,96,6623.04553,True,0.048600319772958755
-30.221696,154,6627.388815,True,0.04995463415980339
-2.907876,38,6629.488049,True,0.04819832742214203
-12.547531,63,6631.631327,True,0.044116344302892685
-3.952811,53,6633.750701,True,0.04935023561120033
-88.010105,500,6651.144808,False,0.1318061351776123
-20.814816,115,6653.296822,True,0.049936678260564804
-5.581833,58,6655.369058,True,0.04933091998100281
4.895745,1,6655.37819,True,0.030960246920585632
-1.410298,46,6657.469641,True,0.04694719985127449
4.922496,1,6657.488744,True,0.009921700693666935
-0.897857,40,6659.53117,True,0.04995681345462799
0.437374,26,6659.576005,True,0.04899861291050911
-4.141315,48,6661.716514,True,0.047740060836076736
-7.514558,59,6663.896897,True,0.04876736178994179
2.328959,21,6663.95171,True,0.049058545380830765
-0.343046,29,6666.05955,True,0.04906127601861954
-3.240754,53,6666.153435,True,0.049443215131759644
0.22866,29,6668.258702,True,0.04674005135893822
-5.850495,47,6670.388766,True,0.04796112701296806
-0.172815,40,6670.490527,True,0.04933517053723335
4.897494,1,6670.503483,True,0.029486341401934624
-6.240999,61,6672.667863,True,0.04927933216094971
1.122869,29,6674.730264,True,0.04836490377783775
-0.809935,43,6674.824574,True,0.049309343099594116
-5.578205,59,6676.961486,True,0.04995277151465416
4.016519,8,6676.993336,True,0.04802069067955017
2.244938,20,6679.086427,True,0.04929583892226219
-10.761782,70,6681.247722,True,0.048416681587696075
4.283894,6,6681.27565,True,0.04740206524729729
-10.954222,79,6684.28326,True,0.04887609928846359
-4.009702,69,6686.418884,True,0.04984085261821747
-1.828377,42,6688.489117,True,0.04953572154045105
-0.162949,33,6688.570226,True,0.04988815262913704
0.630896,25,6690.593603,True,0.044610850512981415
2.27835,23,6690.655203,True,0.04836394265294075
4.40571,5,6690.668519,True,0.04815690219402313
1.341501,24,6692.70258,True,0.048886992037296295
-2.531543,51,6692.810379,True,0.0493948794901371
1.310754,35,6694.9573,True,0.04761683940887451
-4.573442,61,6697.142285,True,0.04792797192931175
-9.692052,86,6699.365054,True,0.045406535267829895
-1.608986,50,6701.56513,True,0.0493130162358284
-13.6332,84,6703.704198,True,0.04753321781754494
-11.677475,78,6705.841399,True,0.04993194714188576
-13.694018,113,6710.056081,True,0.044727470725774765
-8.15301,59,6712.170972,True,0.04982568323612213
-5.046086,42,6714.285901,True,0.04850500822067261
-18.669038,107,6716.572986,True,0.04914504289627075
-13.813508,103,6720.82672,True,0.04926673695445061
-4.789227,51,6722.97504,True,0.04749858006834984
2.842794,16,6723.019083,True,0.04758638143539429
1.502343,24,6725.044675,True,0.04895458370447159
-2.748724,57,6725.163876,True,0.04987127706408501
4.896599,1,6725.182436,True,0.039296094328165054
0.791289,26,6727.272449,True,0.04672747477889061
-2.630266,47,6729.411924,True,0.047305308282375336
-5.297141,60,6731.600186,True,0.049546416848897934
-10.804545,90,6733.839291,True,0.04848085343837738
3.43076,13,6733.877664,True,0.04978087916970253
-6.026236,49,6735.994387,True,0.04583389684557915
0.660723,24,6736.055964,True,0.04842013865709305
-10.174132,88,6740.371227,True,0.04844106361269951
-4.472303,60,6742.492546,True,0.047450292855501175
-12.826338,79,6744.678757,True,0.049509283155202866
-18.008431,102,6746.932323,True,0.04871087148785591
4.307032,6,6746.955858,True,0.048030029982328415
-17.416776,118,6751.26885,True,0.048353809863328934
2.0345,27,6753.364759,True,0.049628302454948425
3.356989,13,6753.402627,True,0.047216691076755524
0.865249,28,6753.465558,True,0.04857701435685158
0.081606,29,6755.578374,True,0.049700722098350525
-0.765242,40,6755.654866,True,0.04915733262896538
-3.071545,39,6757.779896,True,0.04827463626861572
1.082642,29,6759.86671,True,0.04982466995716095
-9.550887,78,6762.006024,True,0.04761850833892822
-16.806464,81,6764.161187,True,0.04936022683978081
3.493599,12,6764.197536,True,0.047590941190719604
-9.348495,106,6768.45295,True,0.04993954673409462
-7.839951,64,6770.553838,True,0.048378221690654755
2.744212,16,6770.592388,True,0.049631938338279724
-5.807797,62,6772.710466,True,0.04754151403903961
-22.267277,138,6777.029766,True,0.04966404661536217
4.504425,4,6777.044512,True,0.04854872077703476
-3.739273,48,6779.22689,True,0.04874828830361366
-30.793474,147,6783.5704,True,0.049829281866550446
2.823532,15,6785.627741,True,0.04754054546356201
-1.408143,39,6785.718126,True,0.04940705746412277
-1.789978,47,6787.855621,True,0.049952827394008636
0.480916,27,6787.929619,True,0.04931014031171799
-1.596766,40,6790.067149,True,0.04895452409982681
-12.559283,96,6792.304209,True,0.04852337762713432
-5.077591,52,6794.400871,True,0.049798909574747086
0.521293,34,6796.57666,True,0.048955388367176056
-12.189351,91,6798.759209,True,0.04994490370154381
0.326883,31,6800.880787,True,0.04919461905956268
-5.150404,43,6801.012756,True,0.04838290438055992
-9.745564,58,6803.154594,True,0.04933008551597595
-3.797261,47,6805.222514,True,0.04889460280537605
-13.267657,76,6807.366585,True,0.04937942326068878
-12.20235,116,6811.590533,True,0.04976547136902809
-7.764946,65,6813.692498,True,0.04975943639874458
-18.432835,109,6817.964171,True,0.04973345622420311
-11.309725,83,6820.228714,True,0.04954439401626587
-2.342495,48,6822.302719,True,0.04909501597285271
0.81491,30,6822.372275,True,0.04901682212948799
-17.11233,104,6827.054231,True,0.04888533800840378
2.159635,23,6827.099123,True,0.0491877943277359
1.936788,20,6829.148714,True,0.04875970631837845
-11.751579,80,6831.341689,True,0.047838110476732254
-5.510641,53,6833.590502,True,0.04952305182814598
-12.140281,64,6835.711239,True,0.04500137269496918
3.334018,13,6835.752548,True,0.04848559945821762
2.901019,18,6835.797324,True,0.04876478761434555
-25.918776,272,6844.521829,True,0.04996848851442337
1.846425,26,6846.621587,True,0.048379622399806976
4.772147,2,6846.640646,True,0.049786511808633804
-4.467007,61,6848.783766,True,0.04924378544092178
-14.121175,106,6851.003848,True,0.04684694856405258
1.687647,24,6853.145639,True,0.04796365275979042
3.310656,13,6853.184619,True,0.04771590605378151
2.04936,21,6853.22469,True,0.04927374795079231
-2.036072,43,6855.263978,True,0.049863509833812714
-0.188444,43,6857.470522,True,0.049380797892808914
-8.697528,55,6859.622278,True,0.049520764499902725
0.790185,35,6859.680119,True,0.04988331347703934
-5.734378,68,6861.839005,True,0.04898004233837128
-8.04066,67,6863.970171,True,0.049959488213062286
-13.574002,78,6866.105595,True,0.04803943261504173
-6.972225,66,6868.304837,True,0.04755399003624916
-16.762942,95,6872.550343,True,0.04790117219090462
-5.79929,67,6874.831047,True,0.04852475970983505
-23.467062,107,6879.11042,True,0.047683343291282654
-3.486833,50,6879.231261,True,0.04994942247867584
-7.452691,61,6881.392346,True,0.04775828495621681
-5.463483,70,6883.55713,True,0.04961574450135231
-2.664578,44,6885.662386,True,0.04956389591097832
4.894143,1,6885.676131,True,0.04418129473924637
-13.328211,95,6890.027411,True,0.04811444506049156
-3.393243,46,6890.121872,True,0.049165692180395126
-1.725241,36,6892.261848,True,0.04908311739563942
-32.305802,150,6896.658011,True,0.04864402487874031
-91.703998,500,6913.825199,False,0.10206074267625809
-1.291358,42,6915.958311,True,0.04865317791700363
4.013214,9,6915.979565,True,0.04848267510533333
-9.061881,76,6918.131711,True,0.04726327955722809
-0.946165,35,6920.270896,True,0.049752190709114075
0.772438,23,6920.332156,True,0.04886632785201073
3.650936,10,6920.366065,True,0.04625376686453819
-3.440587,52,6922.529072,True,0.048843394964933395
0.965517,31,6922.620934,True,0.04793417453765869
-4.226981,49,6924.751417,True,0.049398310482501984
-1.258211,38,6926.891275,True,0.04875551536679268
1.24237,25,6926.932168,True,0.04973333328962326
4.884903,1,6926.945805,True,0.04532662406563759
-9.563804,77,6929.063384,True,0.04903614893555641
-3.379492,38,6931.116708,True,0.04863700270652771
-4.164373,69,6933.264504,True,0.04920167475938797
-0.567996,38,6935.31186,True,0.04988052323460579
0.189189,32,6935.393085,True,0.04783840849995613
-6.722139,56,6937.58207,True,0.04790221154689789
-4.965927,61,6939.689927,True,0.04971880465745926
-5.991782,57,6941.805541,True,0.049214743077754974
-11.206904,85,6943.924177,True,0.04899989068508148
0.482092,31,6946.06247,True,0.04855846241116524
-1.099193,45,6946.169626,True,0.04888887330889702
-1.35192,47,6948.306701,True,0.0493941530585289
-1.775028,35,6950.491431,True,0.04728170484304428
3.441703,11,6950.527245,True,0.04993665590882301
3.873233,10,6950.554366,True,0.04848222807049751
-6.217967,69,6952.687408,True,0.04908154159784317
-4.772116,57,6954.827174,True,0.04980006068944931
-7.919945,77,6957.056475,True,0.049972452223300934
-6.064812,63,6959.186339,True,0.049583811312913895
-8.022935,78,6961.321205,True,0.047528643161058426
-13.313828,66,6963.491768,True,0.045649126172065735
-50.441036,236,6972.104344,True,0.044860079884529114
-0.364868,34,6974.245608,True,0.04821274057030678
2.713567,16,6974.292862,True,0.04827724024653435
-3.894438,51,6976.37001,True,0.04768793284893036
-3.405348,60,6978.507117,True,0.04933598265051842
-10.759995,70,6980.613602,True,0.04710378125309944
0.211672,33,6980.699708,True,0.04782429337501526
-2.535221,49,6982.782623,True,0.04977885261178017
-0.14475,38,6984.91415,True,0.049105629324913025
-0.206829,34,6984.986699,True,0.04773646593093872
-1.233224,47,6987.129405,True,0.04899026080965996
-11.165591,83,6989.31431,True,0.049474842846393585
-7.105832,60,6991.469874,True,0.04837324842810631
4.024576,8,6991.498316,True,0.04616460204124451
0.318206,35,6993.533907,True,0.04965829476714134
1.989293,24,6993.596452,True,0.04919660836458206
-10.549402,61,6995.71615,True,0.049407120794057846
-2.101388,41,6997.856946,True,0.04956744238734245
-68.815893,500,7015.084165,False,0.09578005224466324
2.879974,16,7015.12928,True,0.04966774955391884
-18.285279,88,7017.24526,True,0.047619763761758804
0.86055,28,7019.277776,True,0.04710885509848595
-12.089007,81,7021.408201,True,0.049708425998687744
-14.992986,104,7025.57117,True,0.0496390275657177
-2.758532,57,7025.697845,True,0.04831547662615776
1.309553,32,7027.75551,True,0.0495937280356884
-8.721717,63,7029.899168,True,0.04799870029091835
3.986511,9,7029.927552,True,0.04930386319756508
-1.716417,48,7032.059012,True,0.049582403153181076
-2.669531,45,7032.160703,True,0.049770280718803406
-5.066182,54,7034.349551,True,0.047477252781391144
-12.335917,130,7038.627152,True,0.0498320497572422
0.504818,31,7040.66503,True,0.048334795981645584
0.580114,25,7040.722524,True,0.0465971976518631
-4.923808,57,7042.89123,True,0.04997486248612404
-2.187398,36,7044.99452,True,0.049664005637168884
-7.002616,71,7047.174586,True,0.049985628575086594
-2.660742,44,7047.261201,True,0.0494566336274147
0.805076,32,7049.384322,True,0.04903919994831085
3.939246,9,7049.420725,True,0.048873864114284515
-3.306643,55,7051.607967,True,0.049489766359329224
-9.76109,57,7053.737196,True,0.04420693963766098
0.108438,35,7053.811122,True,0.049338191747665405
-15.793182,95,7058.003933,True,0.047352954745292664
1.388777,23,7058.061087,True,0.0493660494685173
4.917659,1,7058.073776,True,0.02651546150445938
-11.393945,78,7060.216872,True,0.0478268563747406
-12.87875,82,7064.339927,True,0.048126887530088425
-6.022722,56,7066.409325,True,0.0494493767619133
-2.68742,59,7068.5173,True,0.04987138509750366
-8.708404,69,7070.574665,True,0.04834834486246109
1.61646,22,7070.633898,True,0.048123691231012344
-16.333286,121,7074.854311,True,0.04962783306837082
2.951606,14,7074.891234,True,0.04829860106110573
-36.832582,233,7083.535099,True,0.04981323704123497
-0.279666,39,7083.632531,True,0.04893811047077179
-12.599465,86,7087.874005,True,0.04840967804193497
-9.525045,80,7089.995934,True,0.04794173315167427
-7.038365,65,7092.207534,True,0.048627082258462906
-0.460497,35,7094.344424,True,0.04801148176193237
2.736493,15,7094.373819,True,0.049119703471660614
1.672363,27,7094.43949,True,0.04826873168349266
2.043995,23,7096.550209,True,0.04773698002099991
-0.851946,35,7096.629451,True,0.04897768422961235
2.829336,17,7096.678223,True,0.049840569496154785
2.900294,14,7098.709437,True,0.04662217199802399
-12.952181,94,7100.91985,True,0.04985763877630234
-0.421834,36,7102.925516,True,0.046086523681879044
-23.793949,127,7107.14678,True,0.04858849197626114
-10.758156,77,7109.281098,True,0.04869047924876213
0.66619,26,7109.326972,True,0.04712289944291115
-6.130174,66,7111.484659,True,0.0494360476732254
-1.465601,44,7113.596072,True,0.047379814088344574
-10.581496,102,7115.769321,True,0.04935279116034508
-7.577781,85,7120.025363,True,0.049936022609472275
-2.055926,46,7122.158186,True,0.04794870689511299
-10.109104,68,7124.308678,True,0.04985884204506874
-5.99117,65,7126.460611,True,0.04733841493725777
3.540224,11,7126.499638,True,0.04741543531417847
-10.838091,58,7128.671591,True,0.04894958809018135
-19.813416,116,7132.888666,True,0.04867543652653694
-63.386405,500,7148.101095,False,0.06778345257043839
-11.241071,69,7150.193347,True,0.04819389805197716
0.03003,34,7152.316417,True,0.04943190887570381
-3.095432,52,7154.526068,True,0.048678722232580185
-10.08976,69,7156.690881,True,0.04763409122824669
-4.680694,55,7158.820354,True,0.048247579485177994
0.826332,26,7158.890013,True,0.04970156028866768
-6.546169,72,7161.105626,True,0.04998654127120972
3.07733,16,7161.139799,True,0.04932296648621559
4.239145,6,7163.221793,True,0.04778028279542923
-45.481924,410,7176.309626,True,0.049435753375291824
3.316129,14,7176.338741,True,0.04960612207651138
-4.647937,54,7178.447575,True,0.048843368887901306
-30.382713,204,7184.941022,True,0.04964413121342659
-2.874915,52,7187.063535,True,0.04831472411751747
-0.397011,36,7189.149215,True,0.048822905868291855
-9.503963,73,7192.066325,True,0.04779519513249397
-1.094992,38,7192.156643,True,0.048622407019138336
-0.471345,36,7194.309718,True,0.048581965267658234
-5.811013,55,7196.479162,True,0.049728069454431534
2.117271,19,7196.531783,True,0.04650799185037613
-21.147608,116,7200.781693,True,0.049829963594675064
4.318398,6,7200.796212,True,0.0452507846057415
-2.81646,49,7202.918187,True,0.04822355508804321
-0.139781,30,7202.975589,True,0.04753899946808815
-0.982072,39,7205.088971,True,0.04943433031439781
-0.689074,47,7207.190471,True,0.04892446845769882
-7.505517,71,7209.386513,True,0.0494186207652092
-69.027879,500,7224.562425,False,0.07695285230875015
2.511681,16,7226.607961,True,0.04720813035964966
-1.276489,35,7226.691859,True,0.04795127734541893
-6.566801,86,7230.959019,True,0.04918558523058891
-0.861275,39,7231.043758,True,0.04976329579949379
3.92108,10,7231.073568,True,0.04930058494210243
-0.090878,35,7233.171204,True,0.048713233321905136
1.478798,24,7233.237861,True,0.047814443707466125
-7.940962,73,7235.402056,True,0.047972556203603745
-2.623673,41,7237.471801,True,0.048846643418073654
4.088313,7,7237.495078,True,0.04813786968588829
-5.032924,63,7239.670174,True,0.0485663004219532
-2.218916,49,7241.751221,True,0.049762532114982605
-14.333829,89,7243.918559,True,0.046687785536050797
3.031748,13,7245.986318,True,0.049445055425167084
2.290271,21,7246.042977,True,0.04958498477935791
-1.512715,43,7248.14288,True,0.04985940828919411
-11.68696,75,7250.311548,True,0.046319227665662766
-0.615065,34,7250.384987,True,0.0484740324318409
-0.291067,39,7252.473396,True,0.04917344078421593
4.888125,1,7252.481524,True,0.04415282607078552
-4.631163,60,7254.625603,True,0.046739112585783005
0.082613,39,7254.710958,True,0.048782650381326675
-9.029372,59,7256.862292,True,0.04955032467842102
4.900907,1,7256.875982,True,0.023019827902317047
-7.678621,71,7259.055038,True,0.04724448174238205
-21.776927,115,7263.343996,True,0.04929514229297638
3.101608,13,7263.3834,True,0.047242436558008194
-6.409528,74,7267.654055,True,0.048491086810827255
-3.674095,58,7267.775259,True,0.04969525337219238
-3.262254,57,7269.876817,True,0.04956231266260147
3.129015,15,7271.960757,True,0.049596209079027176
-21.681708,100,7274.178414,True,0.04811316728591919
-11.47258,110,7278.479373,True,0.0499839261174202
-6.406085,48,7280.583002,True,0.04733901470899582
-20.701616,145,7284.979157,True,0.0490201935172081
-6.056765,71,7287.070489,True,0.04972251132130623
-2.487157,49,7289.226897,True,0.04873347282409668
-8.703634,80,7291.397384,True,0.047635097056627274
-10.055173,68,7293.561523,True,0.04770238697528839
0.007267,35,7295.695084,True,0.048847638070583344
-16.250013,97,7297.895613,True,0.04899308830499649
-4.914378,60,7300.060796,True,0.0499916672706604
-4.812069,55,7302.194445,True,0.048515334725379944
-11.502503,92,7304.389758,True,0.049247536808252335
1.930075,22,7306.420962,True,0.04894312843680382
3.292546,13,7306.450353,True,0.049274612218141556
-8.969831,78,7308.618702,True,0.049272261559963226
-4.551683,53,7310.76318,True,0.04830656573176384
1.8571,22,7310.827322,True,0.048971861600875854
4.780274,2,7310.836829,True,0.04590282216668129
-13.789731,99,7314.99877,True,0.04959845170378685
-4.311404,58,7317.135037,True,0.04836452379822731
-1.989667,53,7319.220307,True,0.049874197691679
-2.073772,41,7319.305317,True,0.0467379055917263
-3.902624,58,7321.466497,True,0.04884669557213783
0.372719,36,7323.572247,True,0.048831187188625336
-28.709698,147,7327.893529,True,0.049852125346660614
0.627922,29,7330.025447,True,0.04603371024131775
-9.252849,87,7332.171975,True,0.048440828919410706
-7.744338,69,7334.363803,True,0.04995357617735863
-16.368096,91,7336.56925,True,0.04980207979679108
-2.326045,51,7338.723127,True,0.04971379041671753
-1.539224,39,7340.854,True,0.0484929196536541
-10.440148,59,7342.989938,True,0.04775230213999748
-0.622648,37,7343.078125,True,0.04857167974114418
-16.032669,131,7347.285554,True,0.048278048634529114
-9.098184,56,7349.410744,True,0.04581376537680626
-6.778672,69,7351.584577,True,0.04887467250227928
3.722459,12,7351.617678,True,0.04985074698925018
-1.123647,41,7353.780068,True,0.04862906411290169
-4.377767,58,7355.906668,True,0.049735765904188156
-17.518616,119,7360.074348,True,0.04894554987549782
4.486998,5,7360.098657,True,0.04927868768572807
-9.08048,64,7362.289531,True,0.04704730957746506
-2.527163,46,7364.408415,True,0.04991021752357483
-1.062214,42,7364.513102,True,0.04958108812570572
-16.719327,76,7368.749047,True,0.04750985652208328
-6.32685,48,7368.855411,True,0.04966051131486893
-10.192251,68,7370.996205,True,0.04680757224559784
0.855584,25,7373.084153,True,0.049109481275081635
2.493646,21,7373.136659,True,0.04940628632903099
-13.32086,91,7375.487116,True,0.04958439990878105
-4.021296,53,7377.589217,True,0.04930226877331734
-8.721514,72,7379.690478,True,0.0484672412276268
-0.56638,36,7381.828166,True,0.04991115257143974
-24.622454,108,7385.98301,True,0.04691186547279358
-0.25828,36,7386.065443,True,0.047311849892139435
2.679315,16,7386.113203,True,0.04597339779138565
-0.91725,38,7388.271344,True,0.04989703744649887
3.615063,10,7388.303481,True,0.048499695956707
-9.086297,83,7392.452775,True,0.04898066073656082
-15.247112,87,7394.64341,True,0.049956563860177994
-5.982301,46,7396.832669,True,0.0498766154050827
-52.676435,500,7412.287228,False,0.06024855002760887
-5.271951,64,7414.455982,True,0.04894241690635681
-3.090469,56,7416.638685,True,0.04971827566623688
-19.032409,87,7420.875917,True,0.04988127574324608
-4.260342,52,7420.986089,True,0.049587711691856384
-13.167327,95,7425.286463,True,0.047944940626621246
3.083947,17,7425.337754,True,0.04973044991493225
1.783583,27,7427.965142,True,0.04825578257441521
-3.49437,51,7428.045956,True,0.04941650852560997
-7.484892,65,7430.194703,True,0.04885478690266609
-10.574634,76,7434.463729,True,0.048685282468795776
0.791565,29,7434.528532,True,0.04952871799468994
-0.756454,31,7436.685435,True,0.04894872382283211
2.674817,19,7436.735082,True,0.04963962361216545
-11.252277,66,7438.847006,True,0.04921187832951546
-5.58607,58,7440.97641,True,0.04714902117848396
0.327904,31,7441.056724,True,0.04811350256204605
-6.486319,65,7443.197747,True,0.04816136881709099
-0.548785,38,7445.295313,True,0.04676375538110733
-9.530654,81,7447.467564,True,0.04872315749526024
3.324888,13,7447.498631,True,0.04819319769740105
3.96681,8,7447.527063,True,0.04963941127061844
-0.745311,39,7449.57819,True,0.049199461936950684
1.119368,29,7451.73995,True,0.049651093780994415
-10.598062,77,7453.881077,True,0.049240592867136
0.96378,23,7453.937515,True,0.04448792338371277
-7.934028,55,7456.041863,True,0.04681938514113426
-3.124487,48,7458.145296,True,0.04860125109553337
-7.357461,54,7460.28465,True,0.048742976039648056
-0.033138,31,7460.353643,True,0.04932226985692978
1.431975,24,7460.39542,True,0.04876793175935745
3.974109,8,7462.358459,True,0.04896731674671173
-7.67123,68,7464.487136,True,0.04950371012091637
-27.025406,186,7470.914972,True,0.04972654953598976
-9.950367,101,7473.184007,True,0.04928985610604286
0.64498,27,7475.284602,True,0.04901524633169174
-9.958007,86,7477.456112,True,0.048366039991378784
-15.044691,92,7479.594182,True,0.04903940483927727
-1.444669,47,7481.722423,True,0.04981720447540283
-0.379904,35,7483.852521,True,0.047971680760383606
3.556797,14,7483.880285,True,0.04929311200976372
-4.895493,51,7485.977237,True,0.04941330477595329
0.672673,32,7486.053056,True,0.04969625920057297
-8.460576,58,7488.192773,True,0.049111153930425644
-14.337087,88,7490.446761,True,0.047787800431251526
-2.467633,45,7492.617403,True,0.04901382327079773
-4.346841,59,7494.76092,True,0.04750172421336174
2.942996,17,7494.799842,True,0.04998084157705307
-13.683059,90,7499.03199,True,0.04796649143099785
-10.211694,65,7501.220396,True,0.04902179166674614
1.935073,20,7501.273566,True,0.045440610498189926
-3.649963,47,7503.379405,True,0.04935977980494499
0.425358,25,7503.420978,True,0.04915206879377365
-18.083521,131,7507.688309,True,0.0488271564245224
-4.948838,68,7509.820904,True,0.049401652067899704
2.961033,16,7509.866848,True,0.04937301203608513
-9.275738,61,7511.985471,True,0.04898760840296745
-5.838976,70,7516.211871,True,0.04957355186343193
0.481524,27,7516.267205,True,0.048046376556158066
2.820993,16,7516.309425,True,0.048243261873722076
-4.533012,47,7518.515577,True,0.049322228878736496
-4.972381,54,7520.681829,True,0.04889390990138054
1.3027,20,7520.73945,True,0.0485573373734951
-12.61582,68,7522.964473,True,0.04868226498365402
4.804118,2,7522.980579,True,0.04374777153134346
-0.137207,37,7525.052997,True,0.04848112165927887
-8.57237,83,7527.214349,True,0.04947633668780327
-9.55494,72,7529.385847,True,0.04982754588127136
-2.94285,42,7531.541456,True,0.049808621406555176
1.642313,27,7531.609089,True,0.04802659526467323
-13.41579,87,7535.78235,True,0.04784131050109863
-1.818055,41,7535.883594,True,0.048774879425764084
-3.332785,60,7538.009426,True,0.049199819564819336
-3.703624,73,7540.178873,True,0.049098268151283264
-0.35668,37,7542.216697,True,0.04980209842324257
0.086254,30,7542.291458,True,0.046127837151288986
-8.752567,54,7544.313875,True,0.046541038900613785
-4.370384,94,7548.628405,True,0.049860935658216476
-5.029951,57,7550.768443,True,0.048314064741134644
4.563662,4,7550.791034,True,0.048526693135499954
3.729653,11,7550.815033,True,0.04768872633576393
-3.775138,58,7552.94379,True,0.04853861778974533
-2.264066,46,7553.048272,True,0.049401845782995224
2.976894,15,7555.121232,True,0.04847405105829239
-5.764753,63,7557.316552,True,0.04915766790509224
-8.582684,78,7559.53501,True,0.04847601801156998
-10.678624,66,7561.718233,True,0.04850710555911064
4.112683,7,7561.744012,True,0.04992106929421425
1.62269,24,7561.807892,True,0.047925908118486404
3.528068,10,7563.862775,True,0.04804062470793724
-65.284317,500,7579.187086,False,0.09039187431335449
-4.448517,67,7581.623515,True,0.04773958399891853
4.920935,1,7581.637781,True,0.016225920990109444
-9.792017,65,7584.139146,True,0.046527016907930374
-11.703555,126,7588.949463,True,0.04956526681780815
-19.018305,103,7593.592964,True,0.04707193002104759
-35.464389,310,7606.669717,True,0.04779535159468651
2.154912,19,7606.727689,True,0.04948505014181137
-6.555301,68,7609.175949,True,0.04985198378562927
-8.700096,90,7613.915076,True,0.04901333898305893
4.919493,1,7613.929996,True,0.03114122338593006
-6.398265,75,7616.429777,True,0.04922302067279816
-9.090191,78,7618.886259,True,0.04844934865832329
-10.113466,83,7621.323302,True,0.048536479473114014
-16.702623,94,7626.159104,True,0.049380384385585785
-5.09366,48,7628.56475,True,0.0481388233602047
-2.363116,44,7628.671868,True,0.04868287593126297
-8.599182,76,7631.144181,True,0.048552095890045166
-6.002078,62,7633.515825,True,0.04984123632311821
-18.305407,107,7638.28504,True,0.048124585300683975
-3.862223,60,7640.686154,True,0.04979550465941429
-5.775258,54,7643.018927,True,0.04682979732751846
-11.436812,61,7645.499474,True,0.04693847894668579
-4.38779,47,7647.89584,True,0.04765758663415909
-32.948122,152,7652.739934,True,0.047653671354055405
-16.676362,104,7657.547368,True,0.0496312715113163
-3.30231,52,7657.675767,True,0.04823550209403038
-3.438541,47,7660.099616,True,0.047377947717905045
-2.308834,48,7662.54793,True,0.04942435398697853
-10.350067,75,7665.071726,True,0.047953374683856964
-10.343705,84,7667.672932,True,0.049556367099285126
-10.900649,72,7670.309899,True,0.048067379742860794
-20.800798,106,7675.267458,True,0.04778409004211426
0.864657,24,7675.339846,True,0.04974193871021271
-3.761503,59,7677.854375,True,0.04873155429959297
-5.016692,50,7680.396939,True,0.04962371289730072
-3.905027,60,7682.89895,True,0.048911649733781815
4.89175,1,7682.917337,True,0.03450210765004158
0.22936,32,7685.37003,True,0.048125553876161575
-12.355292,67,7687.914436,True,0.04627244919538498
-26.802597,125,7692.956392,True,0.04890841990709305
-0.337195,31,7693.045906,True,0.04953450709581375
-3.411646,54,7695.515764,True,0.04867982119321823
-3.657097,55,7697.984902,True,0.04907563328742981
2.701708,19,7698.045269,True,0.048895787447690964
-2.431673,36,7700.555594,True,0.04539959877729416
-6.828555,87,7703.214805,True,0.049630168825387955
-22.381229,138,7708.329466,True,0.048272762447595596
-2.410308,45,7710.832628,True,0.04751612991094589
-6.568199,60,7713.344641,True,0.047368407249450684
-1.701021,40,7713.447839,True,0.04990536347031593
1.716326,26,7718.437888,True,0.04950270429253578
4.56429,4,7718.460165,True,0.04553968459367752
-1.781307,46,7721.035851,True,0.04924830421805382
4.300246,6,7721.051825,True,0.04845159500837326
-17.845431,89,7723.649747,True,0.04729224741458893
-5.047499,68,7726.241568,True,0.048571888357400894
-8.336785,79,7728.85471,True,0.04832866042852402
-5.597819,52,7731.367006,True,0.04884633794426918
-4.314553,57,7733.869983,True,0.049139343202114105
-55.601017,500,7753.846938,False,0.05473696067929268
3.768789,9,7753.878668,True,0.04627661406993866
-8.941088,64,7756.306027,True,0.049054987728595734
-1.103739,35,7758.679437,True,0.04649744927883148
-8.47672,59,7761.046566,True,0.04844486713409424
0.756459,34,7761.138353,True,0.04903104901313782
-3.699488,59,7763.545635,True,0.04973543807864189
0.190537,34,7765.923178,True,0.048777636140584946
-13.627389,95,7768.40748,True,0.04937334731221199
-6.675919,68,7771.007865,True,0.049056217074394226
-10.009147,66,7773.764545,True,0.04878798872232437
-18.250977,99,7778.82933,True,0.048783332109451294
-2.312621,49,7778.953404,True,0.04911752790212631
-7.422683,69,7783.626934,True,0.049232833087444305
-31.636535,267,7793.182149,True,0.04775219038128853
3.099467,16,7793.230004,True,0.04694141820073128
2.175831,22,7793.294502,True,0.049372319132089615
-4.266917,58,7795.68792,True,0.04844889044761658
-7.466062,74,7798.082945,True,0.04903694614768028
-21.148694,118,7802.811578,True,0.046986568719148636
-6.761245,52,7805.103865,True,0.0490868017077446
-10.328788,75,7807.498357,True,0.04732867330312729
-7.682684,75,7809.892763,True,0.049440138041973114
-10.719715,85,7814.500101,True,0.04752466082572937
-2.831846,57,7816.833749,True,0.04886171221733093
0.458741,38,7816.931987,True,0.048857513815164566
-11.858958,78,7819.326996,True,0.04750116169452667
-19.79446,97,7823.904533,True,0.04803444817662239
-9.284212,79,7826.279665,True,0.04971599578857422
-3.140746,56,7828.688241,True,0.04880644753575325
-5.878053,56,7831.040336,True,0.04774843156337738
-7.097055,57,7833.393952,True,0.04973706603050232
3.457554,13,7833.424259,True,0.0488310344517231
-3.097153,54,7835.882931,True,0.04938739538192749
-0.257255,37,7835.995998,True,0.04980385676026344
-15.318081,92,7840.672511,True,0.04795970767736435
-12.250652,83,7843.031556,True,0.0494544617831707
2.640383,16,7843.082695,True,0.04676694795489311
-7.536644,69,7845.39677,True,0.048433735966682434
-9.613705,84,7849.866147,True,0.04840543121099472
-23.42589,110,7852.246283,True,0.04924369230866432
-3.466398,44,7854.471781,True,0.045554082840681076
-7.616957,69,7856.774346,True,0.04895077645778656
-17.280114,74,7859.095991,True,0.04365020617842674
-9.555661,58,7861.40257,True,0.049418382346630096
-12.005403,71,7863.713367,True,0.048314351588487625
-0.636379,38,7865.962345,True,0.04861080273985863
-12.98876,78,7868.283466,True,0.048420947045087814
-4.776376,44,7870.553981,True,0.04887137934565544
-2.956398,56,7872.807445,True,0.04874812811613083
-1.655651,46,7875.063101,True,0.04851921275258064
-130.680283,500,7891.179348,False,0.15488553047180176
-3.890616,56,7893.499715,True,0.049133721739053726
-5.100173,69,7895.803428,True,0.04923201724886894
3.391479,14,7898.002548,True,0.04893451929092407
-0.69754,48,7898.12127,True,0.04991284757852554
0.631272,31,7900.344939,True,0.048223983496427536
-17.150439,81,7902.644916,True,0.04801616445183754
-8.316364,73,7904.97051,True,0.04816628247499466
-16.627224,98,7909.501677,True,0.04836536571383476
-4.301575,81,7911.89521,True,0.04985177516937256
-6.802364,68,7914.314252,True,0.049982670694589615
-6.947879,62,7916.996621,True,0.047992151230573654
-15.523044,94,7919.398541,True,0.04872177913784981
-5.940206,54,7921.629901,True,0.04889396205544472
-9.870215,80,7926.69906,True,0.049733977764844894
-19.417879,78,7929.370894,True,0.0455159991979599
-0.742905,34,7929.445621,True,0.049126096069812775
4.444334,5,7929.472692,True,0.04959952458739281
1.557771,28,7931.868795,True,0.049934472888708115
-2.52767,43,7931.967237,True,0.04792771860957146
-3.519067,49,7934.295655,True,0.049845606088638306
-4.032454,59,7936.812596,True,0.0487532839179039
-20.646241,96,7941.65152,True,0.04936254397034645
1.083411,25,7941.713376,True,0.04954793304204941
2.293101,18,7941.766945,True,0.04942615330219269
3.630176,12,7944.070806,True,0.049661584198474884
4.932728,1,7944.093691,True,0.01501656137406826
-5.085694,47,7944.250207,True,0.04776844382286072
-3.000859,63,7946.790808,True,0.04947252571582794
-16.496646,92,7951.761234,True,0.0482882484793663
-10.072034,77,7954.412673,True,0.047875434160232544
-3.054412,43,7956.802257,True,0.04864150285720825
-0.422119,37,7956.885097,True,0.048635561019182205
0.300733,30,7959.148021,True,0.04837122559547424
3.216026,14,7959.188076,True,0.04775848239660263
3.405799,13,7959.232047,True,0.04836078733205795
1.996173,22,7959.284793,True,0.04831854626536369
-5.509654,45,7961.619436,True,0.04542992264032364
-8.952221,68,7964.057024,True,0.04943856596946716
-3.264416,46,7966.339228,True,0.04738279804587364
-3.79188,43,7968.694646,True,0.048764415085315704
3.802786,11,7968.732158,True,0.04945545271039009
-8.093417,123,7973.418086,True,0.048877667635679245
-10.525124,77,7975.824074,True,0.049577999860048294
-8.565315,72,7978.165695,True,0.04777058586478233
-12.660829,94,7980.683375,True,0.04802976921200752
-1.421195,38,7983.149072,True,0.04809621721506119
3.913447,11,7983.186828,True,0.04993094503879547
0.493784,25,7985.678298,True,0.0488412119448185
-3.909472,50,7985.812153,True,0.04768085852265358
-0.501824,34,7988.191648,True,0.047615405172109604
-1.712333,44,7990.503035,True,0.04996064305305481
-12.707653,101,7992.979939,True,0.049579791724681854
-3.073447,55,7995.319775,True,0.048459067940711975
-1.308261,34,7997.615894,True,0.047975193709135056
-2.275197,43,7997.728665,True,0.04905497655272484
-7.168311,66,8000.110144,True,0.04992268234491348
-23.445088,223,8009.484288,True,0.04976551979780197
-26.81898,169,8014.286607,True,0.04896153509616852
-5.980173,72,8018.954571,True,0.04827439412474632
1.308266,28,8019.029763,True,0.049240272492170334
-3.554055,62,8021.3744,True,0.04922199621796608
-1.67305,40,8023.698695,True,0.046746134757995605
-6.826097,55,8023.829651,True,0.049557868391275406
-12.918247,76,8029.03558,True,0.04920903220772743
-3.776294,68,8031.382258,True,0.04919208586215973
2.577619,17,8031.428423,True,0.048415765166282654
-8.780068,73,8033.84217,True,0.048649076372385025
1.674824,23,8033.902038,True,0.04850627854466438
4.646012,3,8033.917913,True,0.04938938096165657
-162.846846,500,8052.655583,False,0.22512643039226532
3.859632,10,8052.686774,True,0.04795262962579727
4.307601,6,8054.958582,True,0.04911275580525398
-6.259956,50,8055.075185,True,0.045833948999643326
-7.097831,64,8057.401368,True,0.04966525360941887
-26.934684,278,8069.180033,True,0.04940143972635269
-6.057984,85,8071.582403,True,0.049910254776477814
4.34486,5,8071.595389,True,0.04954630881547928
-6.102103,51,8073.915039,True,0.04664299264550209
-13.825974,68,8076.286726,True,0.04659391567111015
-17.371977,98,8078.730839,True,0.04767245426774025
-1.247011,33,8081.032573,True,0.04845261201262474
-10.09501,84,8083.4259,True,0.04982976242899895
-10.166182,85,8087.983289,True,0.04855882748961449
-11.092143,76,8090.37567,True,0.04849772900342941
-1.77074,43,8090.483262,True,0.04923991486430168
-5.88578,70,8095.085208,True,0.049653202295303345
-13.563533,81,8097.49047,True,0.047776754945516586
-9.252116,72,8099.923009,True,0.04707878828048706
0.217256,34,8100.015583,True,0.04972027242183685
0.809525,32,8102.271286,True,0.0489158034324646
-5.390636,54,8104.60326,True,0.04943571984767914
-0.72871,37,8104.698965,True,0.047740619629621506
-5.161032,55,8107.091094,True,0.04871925339102745
-4.160976,53,8109.467808,True,0.04813389852643013
-10.830719,96,8114.089668,True,0.04689138010144234
-10.805746,71,8116.494952,True,0.04947517439723015
-12.322228,86,8118.923997,True,0.049900155514478683
-2.364475,52,8121.365608,True,0.047703780233860016
0.941064,28,8121.433183,True,0.04871216043829918
-0.169749,34,8123.712353,True,0.04971057549118996
-9.21965,76,8126.095062,True,0.04863613843917847
-4.222816,53,8128.418569,True,0.04757878929376602
-11.968112,88,8130.794312,True,0.04925108700990677
-0.383179,38,8133.109517,True,0.04696512967348099
-1.662387,50,8135.393029,True,0.0497615709900856
-6.53279,66,8137.746737,True,0.04874362424015999
-7.296119,77,8140.211935,True,0.04947482794523239
-5.746661,63,8142.53669,True,0.04825882241129875
-14.206893,77,8144.925406,True,0.04690951853990555
-121.076391,500,8164.179188,False,0.1057928130030632
-123.473845,500,8183.271943,False,0.18060801923274994
-4.082387,54,8183.394691,True,0.0493980273604393
-6.271049,68,8187.962827,True,0.04874102398753166
0.592272,25,8188.028636,True,0.04965183883905411
3.610764,12,8188.069776,True,0.04971588775515556
1.597482,26,8190.269984,True,0.04818336293101311
-6.944115,66,8192.642499,True,0.04482441768050194
-14.322526,119,8195.166953,True,0.048550672829151154
2.512667,17,8197.55864,True,0.04850231111049652
-7.137713,72,8200.077919,True,0.04983718320727348
-4.28829,65,8202.909554,True,0.04823152720928192
0.926194,31,8203.04055,True,0.049964144825935364
-21.722689,98,8208.160213,True,0.048930246382951736
-14.753207,109,8212.927529,True,0.04855700209736824
-7.463659,72,8215.391139,True,0.04958665743470192
3.325872,14,8215.437378,True,0.049271851778030396
-6.082214,54,8217.722288,True,0.04826801270246506
-3.692814,44,8217.833977,True,0.04896434023976326
-2.44026,53,8220.078304,True,0.0498829260468483
-11.123518,105,8224.604424,True,0.048855122178792953
0.166911,39,8224.698132,True,0.04985906556248665
0.486757,32,8226.900889,True,0.048809416592121124
-9.749432,109,8231.456831,True,0.04933687299489975
-2.189069,39,8231.547304,True,0.047711655497550964
-0.719049,37,8233.734478,True,0.049213945865631104
-11.711709,106,8238.257642,True,0.048326797783374786
-17.407905,198,8245.176345,True,0.049627553671598434
1.304829,29,8245.260047,True,0.049642521888017654
-4.753021,48,8247.481452,True,0.049342650920152664
-30.263828,109,8252.052026,True,0.045153453946113586
3.821795,9,8252.087784,True,0.0497412383556366
-11.99688,79,8254.438975,True,0.04794887825846672
0.92826,28,8254.511939,True,0.048729244619607925
-24.982653,132,8259.055075,True,0.048247404396533966
-12.460347,85,8263.545077,True,0.04979267716407776
-11.722373,72,8265.866572,True,0.04916473478078842
-9.10333,54,8268.170765,True,0.04894464462995529
-6.95746,68,8270.672913,True,0.04709453135728836
-2.046294,35,8270.768461,True,0.04960564896464348
-4.803937,70,8273.240272,True,0.04933160915970802
-1.978029,47,8275.580122,True,0.04904638230800629
-38.08471,231,8286.392571,True,0.04996640980243683
-2.81579,50,8288.756412,True,0.0498029850423336
-24.218461,151,8293.600893,True,0.04633403941988945
-1.345678,43,8295.985131,True,0.04874346777796745
0.28683,37,8296.067576,True,0.049828168004751205
-11.25638,88,8300.735845,True,0.04995465651154518
0.130246,35,8300.824687,True,0.04771478846669197
-0.697793,31,8303.117231,True,0.04998695105314255
-9.629641,67,8305.486426,True,0.048506204038858414
-14.560583,89,8308.036121,True,0.04857565462589264
3.518359,13,8308.070451,True,0.04830019548535347
-8.256408,74,8310.501239,True,0.04921913146972656
-0.458143,30,8312.772699,True,0.04693528637290001
-6.074413,71,8315.125157,True,0.049749549478292465
-2.921035,51,8317.475168,True,0.04919322952628136
-2.332171,43,8317.583381,True,0.048208463937044144
-4.004825,41,8319.957769,True,0.04983166232705116
3.044841,14,8319.998162,True,0.04814755916595459
-27.45024,126,8324.75071,True,0.04877088591456413
-8.561237,57,8327.144228,True,0.04889994487166405
-2.973367,50,8329.523245,True,0.049727994948625565
-10.587292,72,8332.016019,True,0.0468500517308712
-8.024108,67,8334.414983,True,0.049851756542921066
-13.456665,110,8339.14908,True,0.04928553104400635
-10.629324,71,8341.579216,True,0.04813012853264809
-8.835443,76,8344.087499,True,0.04984050616621971
-1.195125,51,8346.464418,True,0.04930246248841286
-34.344064,232,8355.978797,True,0.04990081861615181
-15.396649,88,8358.429111,True,0.04847193881869316
-19.897177,102,8360.933774,True,0.04932645335793495
-16.530143,74,8365.608747,True,0.0482945591211319
-2.665387,45,8365.72318,True,0.04821767657995224
-6.111137,65,8368.104472,True,0.0477808453142643
-6.457963,56,8370.518251,True,0.04755263403058052
-3.049414,54,8372.894999,True,0.04977399855852127
-7.835045,68,8375.294014,True,0.04897231236100197
-8.006159,73,8377.693269,True,0.04926636815071106
2.630913,19,8379.957687,True,0.048469021916389465
-4.546971,54,8380.089476,True,0.04764797165989876
0.934944,24,8382.470403,True,0.04691420495510101
-10.429552,83,8384.882353,True,0.04845064878463745
-105.60302,500,8404.27494,False,0.1594630479812622
-12.959609,76,8406.812019,True,0.047155335545539856
3.469582,11,8406.853029,True,0.049372728914022446
-9.979222,77,8409.235888,True,0.04988890513777733
-9.300651,61,8411.639368,True,0.04882650449872017
-3.935552,46,8414.01953,True,0.0486704483628273
-7.953729,73,8416.402671,True,0.048938825726509094
-2.955633,44,8418.743504,True,0.046176351606845856
-6.885316,63,8421.152746,True,0.04870554804801941
-14.281779,117,8425.919289,True,0.04997378587722778
3.712479,11,8425.95478,True,0.046627193689346313
-10.551812,94,8428.318262,True,0.048903677612543106
-0.889336,41,8430.649353,True,0.049899376928806305
-14.313671,92,8433.112031,True,0.04988718032836914
-2.939514,58,8435.483815,True,0.04911232739686966
-7.840553,67,8437.941876,True,0.04805314540863037
2.772344,16,8440.189438,True,0.047963809221982956
2.849915,19,8440.247281,True,0.049014754593372345
-9.692733,82,8442.664505,True,0.0484570637345314
3.36454,12,8442.698476,True,0.04917256534099579
-8.961298,75,8447.83794,True,0.0481499582529068
-18.685107,84,8450.289635,True,0.04965272918343544
-14.410101,81,8452.730555,True,0.048815056681632996
-12.029173,80,8455.200073,True,0.04769376665353775
-9.083063,73,8459.867254,True,0.04970548301935196
-0.073153,34,8459.950744,True,0.04831334948539734
-57.380425,484,8479.190707,True,0.04989214241504669
-2.055952,34,8479.278073,True,0.0497296079993248
0.591359,38,8481.722384,True,0.04838459938764572
-13.404681,116,8486.472379,True,0.04931173846125603
-1.026224,52,8486.609053,True,0.049713775515556335
-13.441317,92,8491.293246,True,0.04982399567961693
-18.297006,109,8496.027221,True,0.0481153205037117
-29.237166,150,8500.872003,True,0.049090221524238586
-7.166126,64,8503.250375,True,0.049009472131729126
-11.430036,96,8505.657113,True,0.04844995588064194
2.384947,18,8507.941355,True,0.04705493152141571
2.43865,17,8507.997437,True,0.04866033047437668
-19.000352,122,8512.845313,True,0.049550916999578476
1.729846,23,8512.905056,True,0.0481598898768425
-3.636653,53,8515.269111,True,0.04982032626867294
-0.964522,39,8517.6417,True,0.049305059015750885
-4.934269,51,8517.77045,True,0.047103095799684525
-7.566176,73,8522.511066,True,0.0490591861307621
0.802648,27,8522.582094,True,0.04780874401330948
-4.947016,58,8524.950346,True,0.04879144951701164
-13.467883,88,8527.409288,True,0.04938342049717903
-16.423111,112,8532.196818,True,0.04832984507083893
-3.104288,51,8534.557178,True,0.04745679348707199
1.529706,25,8534.631181,True,0.048466652631759644
2.913942,17,8536.928491,True,0.048918306827545166
-15.794715,102,8539.413742,True,0.04973248392343521
3.334674,13,8539.452814,True,0.04669972136616707
1.488257,21,8541.801582,True,0.04912644624710083
-4.303573,59,8544.151554,True,0.04929346218705177
-30.201837,165,8549.077783,True,0.04950694367289543
-6.209003,65,8551.668167,True,0.048401717096567154
-6.638581,50,8554.09955,True,0.048112932592630386
-106.239886,500,8572.977665,False,0.15705794095993042
-29.873976,128,8577.721213,True,0.04881136491894722
-1.427001,47,8577.841106,True,0.04930281266570091
0.669292,26,8580.230843,True,0.04846701771020889
-3.511351,57,8582.609111,True,0.04976675659418106
1.263862,30,8582.682616,True,0.04672391340136528
-1.198081,39,8585.019133,True,0.048429522663354874
2.927013,18,8585.072794,True,0.04900651425123215
-2.872474,58,8587.439274,True,0.0496368370950222
-9.553244,73,8589.792398,True,0.048489153385162354
-9.510894,82,8592.275268,True,0.04975927248597145
-6.759929,65,8594.730077,True,0.04841510206460953
0.898108,25,8597.035292,True,0.04648667946457863
-12.709698,68,8599.411885,True,0.04888308793306351
0.07404,27,8599.483134,True,0.04862484335899353
3.355342,12,8601.782024,True,0.04553781822323799
-0.133272,32,8601.865823,True,0.049080535769462585
4.898265,1,8601.882375,True,0.04238251596689224
-10.055142,72,8604.276021,True,0.04799644649028778
-15.231641,100,8608.962813,True,0.04988358914852142
-0.698693,34,8609.045669,True,0.04963609576225281
-7.112018,56,8611.419981,True,0.04731426388025284
-7.076561,67,8613.781578,True,0.049863383173942566
1.572454,24,8616.120876,True,0.048669297248125076
-7.776442,60,8618.47532,True,0.04757222160696983
-47.462272,500,8636.160554,False,0.06313181668519974
-0.83222,31,8638.449748,True,0.04646832495927811
-14.000295,115,8643.335036,True,0.04991591349244118
-2.160562,47,8643.444581,True,0.04982711374759674
-5.910714,48,8645.831864,True,0.04343216121196747
-2.119727,47,8648.196158,True,0.0499541349709034
-5.755022,56,8650.57086,True,0.046790711581707
-1.066947,39,8650.673956,True,0.048614270985126495
0.909365,26,8653.102362,True,0.04855960234999657
-0.425786,31,8653.185408,True,0.04983121156692505
-5.781481,83,8657.835565,True,0.04860103875398636
2.030286,22,8657.885517,True,0.049738217145204544
0.073274,29,8657.96467,True,0.04707193374633789
-24.642759,135,8663.077448,True,0.044883646070957184
-14.187016,101,8667.808616,True,0.047347649931907654
-91.221726,500,8686.909222,False,0.12270815670490265
-7.504773,73,8689.285976,True,0.04809572547674179
4.292559,6,8689.309233,True,0.047788187861442566
-0.156491,32,8691.621139,True,0.04897475242614746
-18.735953,105,8694.113464,True,0.049132999032735825
-13.072496,90,8698.925296,True,0.04844243451952934
0.202126,31,8699.006103,True,0.049537625163793564
4.940283,1,8699.028856,True,0.007744620554149151
-2.41432,40,8701.410252,True,0.048979949206113815
-3.004495,45,8701.520797,True,0.047585394233465195
-11.688064,60,8703.922219,True,0.049843329936265945
-21.649753,103,8708.804323,True,0.04874024540185928
-10.025211,69,8711.185166,True,0.04820569232106209
-0.600057,43,8713.521477,True,0.04946262761950493
-1.810629,33,8713.600235,True,0.047502994537353516
-5.970417,62,8715.934283,True,0.04702611640095711
4.888374,1,8715.948128,True,0.045753952115774155
-16.554829,157,8722.877515,True,0.049767494201660156
-28.327774,174,8727.721406,True,0.04592208191752434
-12.133309,88,8732.208546,True,0.048346903175115585
-7.486161,67,8734.491429,True,0.049187060445547104
-8.108625,81,8736.7618,True,0.049106940627098083
-2.810194,47,8739.015408,True,0.04949675500392914
-4.529938,42,8739.112725,True,0.04935753345489502
-97.341786,500,8757.827915,False,0.15120257437229156
-10.586017,79,8762.339659,True,0.047421205788850784
-6.796304,68,8764.554413,True,0.04978601634502411
-18.51783,129,8769.099065,True,0.04606377333402634
-7.266388,62,8771.373545,True,0.04875927045941353
-11.444464,91,8773.785816,True,0.049329955130815506
1.884474,22,8773.846098,True,0.0490586943924427
-52.068954,500,8792.074087,False,0.0604197196662426
1.677305,31,8794.297951,True,0.04925757646560669
0.17533,32,8794.38383,True,0.048296477645635605
2.816532,16,8794.436133,True,0.04955530911684036
4.893682,1,8794.455837,True,0.044713228940963745
-3.079579,47,8796.712906,True,0.04770819842815399
-9.656544,90,8801.118045,True,0.0484154149889946
-0.144181,35,8801.21098,True,0.04998224601149559
1.896068,19,8801.269506,True,0.04997190088033676
-0.919805,46,8803.473021,True,0.04916844144463539
-6.924451,84,8805.711622,True,0.0498860627412796
4.880726,1,8805.7236,True,0.042685616761446
-1.779069,52,8807.943434,True,0.049426015466451645
0.32207,40,8810.138654,True,0.04912537336349487
-4.497884,69,8812.429166,True,0.04932340607047081
4.921493,1,8812.442773,True,0.01808754913508892
0.534725,26,8812.506768,True,0.046939969062805176
-19.623863,112,8816.924062,True,0.049593981355428696
-11.950255,82,8819.249274,True,0.04711160808801651
-10.950117,76,8823.664992,True,0.049093857407569885
-0.317541,37,8823.751872,True,0.048660434782505035
-2.911995,39,8825.939996,True,0.04425150528550148
-6.203362,57,8828.165107,True,0.0490928515791893
4.897327,1,8828.176612,True,0.045439235866069794
3.90714,9,8828.206531,True,0.04915262758731842
-64.74603,500,8847.452365,False,0.05780750513076782
-18.58736,109,8849.832963,True,0.04715915024280548
-0.563933,37,8852.054372,True,0.04887448996305466
-3.534613,55,8854.271132,True,0.04775640368461609
3.939257,9,8854.292501,True,0.048288047313690186
3.45084,13,8854.331038,True,0.049412865191698074
-9.958828,77,8856.593818,True,0.048607874661684036
-1.628293,38,8858.832746,True,0.04934327304363251
-2.927589,51,8861.085166,True,0.04902518168091774
-3.530242,56,8863.248273,True,0.04949508607387543
-22.863636,128,8867.792163,True,0.049578335136175156
4.894092,1,8867.811113,True,0.0485587902367115
-10.786867,90,8870.122618,True,0.04876311868429184
-2.980398,52,8872.342146,True,0.049860358238220215
1.14634,34,8872.399057,True,0.04972533509135246
-9.67945,83,8876.81479,True,0.04949135333299637
-0.098121,32,8876.894842,True,0.04978229105472565
2.372467,22,8876.956633,True,0.04854629188776016
1.463694,21,8879.088623,True,0.0469755083322525
-4.300121,50,8881.317909,True,0.049629032611846924
-5.169112,55,8881.452712,True,0.04995592311024666
-15.041184,91,8885.938907,True,0.04970374330878258
-9.309069,82,8888.254,True,0.04983682930469513
3.317349,14,8888.290028,True,0.04944416135549545
-3.360074,52,8890.546743,True,0.047817301005125046
-28.972863,159,8897.38975,True,0.04998171329498291
-11.436697,77,8899.744633,True,0.04928417131304741
-6.587511,64,8901.97512,True,0.048045601695775986
-8.389538,79,8904.324007,True,0.048194874078035355
4.903302,1,8904.337209,True,0.03573949262499809
-4.680714,53,8906.606466,True,0.04880897328257561
2.155552,18,8906.661065,True,0.043622493743896484
4.909608,1,8906.67403,True,0.03207365795969963
4.902886,1,8906.686995,True,0.04548799991607666
4.015206,8,8906.718417,True,0.04838929325342178
-35.161966,235,8915.766924,True,0.04975755512714386
-10.245646,89,8918.102576,True,0.049699679017066956
0.149527,26,8920.322842,True,0.04661053046584129
-8.686401,61,8922.560377,True,0.04948723688721657
-12.639378,83,8924.850871,True,0.04777178168296814
0.401802,32,8927.120704,True,0.04881913959980011
-16.541417,96,8929.484389,True,0.047953229397535324
-1.987014,44,8931.727216,True,0.0488269180059433
-2.715298,49,8933.986001,True,0.04977016896009445
-1.479338,45,8934.095303,True,0.04901473969221115
-2.60865,48,8936.333822,True,0.049796197563409805
-4.098823,47,8938.583514,True,0.049929868429899216
2.967007,15,8938.630246,True,0.04758688062429428
-13.992031,86,8940.913471,True,0.04898913949728012
-4.258914,53,8943.181075,True,0.04867228865623474
-58.989658,386,8956.986403,True,0.04940907657146454
-2.450374,56,8959.250748,True,0.049301404505968094
-2.761794,56,8961.522749,True,0.04924508556723595
-0.281998,38,8963.68128,True,0.04996645823121071
-1.446901,45,8963.80293,True,0.04756510257720947
-7.809514,61,8966.090219,True,0.048293594270944595
-9.739314,81,8976.634787,True,0.04839840531349182
4.548632,4,8986.045201,True,0.04931977391242981
-8.188893,94,8996.580531,True,0.048421669751405716
0.149263,37,9006.743882,True,0.048834800720214844
-18.064671,104,9017.31508,True,0.047792211174964905
-12.119063,87,9037.044858,True,0.04955432936549187
-4.064688,59,9037.791185,True,0.04729177802801132
1.022215,25,9047.41978,True,0.04928683489561081
-0.912569,36,9047.836468,True,0.04913734272122383
3.370858,14,9057.716174,True,0.04712049663066864
1.323377,26,9058.029137,True,0.047761473804712296
-14.718166,99,9077.904414,True,0.04747213050723076
3.499981,11,9078.053754,True,0.047081150114536285
-0.721577,39,9078.494755,True,0.048414189368486404
-6.907765,82,9098.171795,True,0.04898957163095474
-2.65762,40,9098.68615,True,0.047969020903110504
2.293463,18,9108.3912,True,0.04506517946720123
2.018674,19,9108.606433,True,0.04489003121852875
-16.03694,132,9128.984058,True,0.04853236675262451
-15.128451,118,9149.314781,True,0.04909399896860123
-16.878996,98,9159.875902,True,0.04948951676487923
-4.254011,54,9170.008197,True,0.04736410081386566
-17.18829,113,9190.224289,True,0.049751583486795425
1.257733,24,9190.572082,True,0.04816002771258354
4.341791,5,9190.68389,True,0.048502687364816666
3.760739,10,9200.334416,True,0.049369994550943375
-13.713918,83,9210.97195,True,0.04838106408715248
-2.134064,44,9211.51914,True,0.048665471374988556
-6.005937,67,9232.688589,True,0.04906581714749336
1.294892,31,9233.04877,True,0.047877632081508636
3.004764,17,9233.287761,True,0.04976640269160271
-1.874433,33,9243.176034,True,0.048820894211530685
-7.354235,64,9253.359518,True,0.04904545471072197
0.083478,33,9253.730601,True,0.046850912272930145
-3.853513,58,9263.869821,True,0.049274858087301254
3.085077,14,9264.097786,True,0.04515526816248894
0.86472,27,9273.866204,True,0.04814577102661133
0.644519,25,9274.17284,True,0.048834554851055145
-0.938137,37,9284.069003,True,0.04761412367224693
-5.893893,65,9294.347392,True,0.048764102160930634
-9.895882,81,9304.522519,True,0.049723684787750244
-3.042903,51,9314.531401,True,0.04927453398704529
-0.768975,32,9314.89422,True,0.048334136605262756
-8.922388,76,9334.748109,True,0.04844054952263832
-8.130167,65,9345.05498,True,0.046740636229515076
-13.557367,81,9355.182443,True,0.049897998571395874
-3.235036,47,9365.148939,True,0.048955488950014114
1.670846,26,9365.437566,True,0.048708751797676086
3.061884,16,9365.642288,True,0.04891786351799965
4.921414,1,9365.698041,True,0.02325541526079178
-6.761178,53,9375.812814,True,0.04734103009104729
-12.488549,95,9395.74886,True,0.04999889060854912
-22.998245,128,9415.993834,True,0.048611439764499664
3.592352,11,9416.158493,True,0.0472337082028389
-0.163147,34,9416.566411,True,0.049763381481170654
-5.078572,51,9426.743583,True,0.04939156770706177
-6.534957,73,9437.090513,True,0.04838506132364273
4.906065,1,9437.147784,True,0.02863479219377041
0.91919,29,9446.89322,True,0.04881381615996361
-18.392662,118,9466.968526,True,0.048071179538965225
-3.650717,51,9467.559945,True,0.04732926934957504
-5.889215,71,9477.735254,True,0.04921334981918335
-14.587961,114,9497.700642,True,0.04875016212463379
4.394854,5,9497.806331,True,0.04649968817830086
4.546629,4,9497.896235,True,0.04855232685804367
-12.778372,83,9517.63014,True,0.049568623304367065
1.539876,26,9517.974729,True,0.0492679737508297
0.522347,35,9527.549786,True,0.04861152172088623
-14.481765,84,9538.131966,True,0.046306122094392776
-10.545182,72,9548.247604,True,0.04769635945558548
-91.565847,500,9628.601262,False,0.14984728395938873
0.998771,33,9629.020877,True,0.04974014312028885
-10.6988,75,9648.47921,True,0.04990163445472717
-17.291619,112,9659.251678,True,0.04931867867708206
-4.075028,41,9669.15393,True,0.04769313335418701
-9.013501,66,9679.343579,True,0.04874231293797493
0.098893,30,9679.699493,True,0.046573441475629807
-6.781156,79,9699.43782,True,0.04878542944788933
-0.712222,42,9699.942989,True,0.0498221218585968
-0.616825,36,9709.921247,True,0.04842468351125717
-12.914498,86,9720.351947,True,0.04952968284487724
-18.868871,85,9740.09179,True,0.04872758686542511
-5.693679,48,9740.617676,True,0.04612090438604355
-3.485027,48,9750.623178,True,0.04827120155096054
-13.419571,90,9761.083867,True,0.04832439497113228
-8.272684,82,9781.189078,True,0.0499580055475235
-34.142624,149,9801.536051,True,0.048950716853141785
2.357716,19,9801.793314,True,0.04972558841109276
3.650744,12,9811.396416,True,0.04942794516682625
-40.68193,309,9853.430436,True,0.04959461838006973
-31.936458,271,9903.646054,True,0.04855496808886528
4.080912,7,9903.78989,True,0.04805317893624306
4.563888,4,9903.896345,True,0.048297908157110214
2.27556,20,9904.141473,True,0.0479811355471611
-10.010132,62,9914.225664,True,0.049175310879945755
-1.129791,42,9924.169041,True,0.0499294251203537
-1.593149,44,9924.671634,True,0.049354374408721924
0.634969,32,9934.631585,True,0.04903363063931465
-10.850432,91,9945.026555,True,0.048654064536094666
-9.62325,69,9955.157053,True,0.04763029143214226
-2.439782,45,9965.099647,True,0.04948650300502777
-2.502421,51,9975.276631,True,0.048714831471443176
-20.085475,166,10005.388437,True,0.045267075300216675
-6.724086,60,10006.110467,True,0.04932182654738426
-14.641349,69,10025.728192,True,0.04725249111652374
-23.074381,110,10036.549675,True,0.04958507418632507
-17.553298,108,10056.495686,True,0.0494120791554451
4.452206,5,10056.625569,True,0.04881419986486435
-2.961917,48,10066.535616,True,0.04816633462905884
-17.361978,211,10097.315466,True,0.04991593211889267
-1.300757,41,10107.242382,True,0.048365745693445206
4.673044,3,10107.355706,True,0.047587621957063675
-1.991044,45,10107.869719,True,0.04946567118167877
-5.540218,67,10127.398496,True,0.04892779886722565
-3.706955,63,10137.364061,True,0.04999995976686478
2.402808,23,10137.672488,True,0.04911992326378822
-13.29837,73,10147.816657,True,0.04889966547489166
-13.838623,103,10167.855181,True,0.04927675426006317
-5.054869,52,10168.438467,True,0.049725282937288284
-0.459911,37,10178.243089,True,0.047877825796604156
-11.895743,78,10188.497414,True,0.04966510459780693
-0.478326,42,10198.540888,True,0.04929005354642868
-19.572689,96,10208.878461,True,0.049643583595752716
-9.275694,84,10228.441266,True,0.048808228224515915
-8.370418,77,10238.812748,True,0.04825150594115257
-3.409693,38,10239.269529,True,0.04324977099895477
-7.651339,62,10249.344813,True,0.0491214320063591
-27.077091,158,10279.831846,True,0.04537319391965866
-3.020374,54,10289.810847,True,0.04974733665585518
-71.37564,500,10370.292808,False,0.07230089604854584
-8.313232,73,10380.421412,True,0.04829471558332443
-8.183665,58,10390.671064,True,0.04866806045174599
-2.892836,51,10391.242029,True,0.04804627224802971
-9.197668,85,10411.060845,True,0.04844577983021736
-4.193788,62,10421.219704,True,0.0495830699801445
-6.779357,58,10432.759878,True,0.04892101511359215
-16.393643,87,10443.189806,True,0.04884643107652664
-8.101849,75,10453.763418,True,0.04954678565263748
-7.972877,121,10474.170937,True,0.049889519810676575
-28.423462,168,10504.619967,True,0.04831765964627266
0.725321,29,10504.991701,True,0.04896790161728859
-1.769664,49,10515.243904,True,0.049822524189949036
-15.260204,99,10525.709001,True,0.048742301762104034
-7.581049,61,10535.69577,True,0.04959028214216232
-4.195577,50,10545.78891,True,0.04817282781004906
-22.886205,103,10565.99729,True,0.04724031314253807
4.382354,5,10566.095681,True,0.044574983417987823
3.696885,11,10566.278942,True,0.049773454666137695
-5.783454,83,10576.682374,True,0.04971480742096901
-3.922179,54,10586.783153,True,0.0499580018222332
4.87982,1,10586.856366,True,0.03937642276287079
-7.868903,62,10596.960325,True,0.04970696568489075
-9.380234,89,10616.649908,True,0.04949570074677467
-15.84495,98,10627.206165,True,0.04948940873146057
-3.272078,62,10637.253519,True,0.049809977412223816
-10.705729,82,10647.616841,True,0.0485244058072567
2.530839,19,10657.450079,True,0.04677365720272064
-6.366193,62,10667.889515,True,0.047426242381334305
-7.595551,66,10677.953777,True,0.049484673887491226
-0.660437,38,10678.4221,True,0.0499076321721077
-12.381714,72,10688.677778,True,0.049845341593027115
-62.86637,500,10770.86327,False,0.08108954131603241
-0.825503,40,10780.979062,True,0.04952939599752426
-3.423782,45,10781.555006,True,0.04731401428580284
-20.174507,131,10817.637321,True,0.0465620756149292
-4.14788,48,10818.214985,True,0.048749350011348724
-14.660778,70,10828.4605,True,0.04978777840733528
-6.96875,60,10838.672257,True,0.048939693719148636
3.56617,11,10838.826312,True,0.04916548356413841
1.728055,24,10848.5978,True,0.049970224499702454
2.367523,19,10848.851047,True,0.04761336371302605
-4.481325,56,10858.95471,True,0.049572352319955826
1.334356,26,10859.259569,True,0.04939621314406395
-3.931729,44,10869.139745,True,0.04984445124864578
-4.386516,59,10879.173677,True,0.04913020506501198
-7.4602,57,10889.399937,True,0.04930157586932182
-4.249634,57,10899.446542,True,0.04807831719517708
-0.454663,39,10899.891766,True,0.04939398914575577
-4.937149,69,10919.495232,True,0.04951681196689606
-17.295468,109,10930.049751,True,0.049640439450740814
-11.484578,74,10940.420107,True,0.04832980036735535
-1.115973,45,10950.281212,True,0.04981178790330887
-8.992658,67,10960.536039,True,0.04899577796459198
-1.59756,54,10970.519028,True,0.04994307458400726
-17.993334,101,10990.577892,True,0.04960285872220993
2.442558,17,10990.827103,True,0.04918820783495903
-10.805003,72,11001.048701,True,0.048393506556749344
-23.427329,100,11020.166203,True,0.04549488425254822
2.439539,20,11020.210404,True,0.04946291819214821
-5.39089,60,11022.245041,True,0.04799971729516983
2.807014,16,11022.298738,True,0.04922301322221756
0.354189,29,11022.369582,True,0.04601482301950455
-0.217647,29,11024.531502,True,0.04915507510304451
0.909852,43,11027.549663,True,0.049912337213754654
-7.327885,74,11029.759731,True,0.04706808179616928
-7.503424,67,11031.814439,True,0.04804541915655136
1.655787,21,11031.852958,True,0.04995397850871086
4.06735,7,11031.872924,True,0.04974621161818504
-5.492057,55,11033.617282,True,0.049967650324106216
0.870821,28,11035.3684,True,0.045956578105688095
0.411137,34,11035.452844,True,0.048586491495370865
-3.651962,46,11037.225829,True,0.04850173741579056
-0.182608,38,11037.283101,True,0.0486900769174099
-25.336796,137,11043.094075,True,0.049821287393569946
2.909019,15,11043.129884,True,0.048473481088876724
0.8588,34,11043.191206,True,0.04995424672961235
-112.445759,500,11059.252935,False,0.17474082112312317
-40.980887,432,11072.552575,True,0.049941446632146835
-1.552402,44,11074.294429,True,0.049263011664152145
-14.18471,80,11076.243518,True,0.04770961031317711
3.127522,14,11076.272537,True,0.04631061479449272
-0.838648,29,11076.326186,True,0.049611348658800125
-11.425109,99,11079.878679,True,0.04970072582364082
-10.068208,75,11081.711685,True,0.04961227625608444
-7.454973,50,11083.398235,True,0.047651343047618866
-7.164354,74,11085.055355,True,0.049984462559223175
2.689715,17,11085.096027,True,0.048463061451911926
-73.700055,500,11102.611848,False,0.07729823142290115
-4.637069,57,11105.23057,True,0.04956989362835884
-11.238857,80,11107.638725,True,0.048478852957487106
2.861239,16,11109.847196,True,0.04974273592233658
-28.309995,131,11114.431792,True,0.04760425537824631
-8.254024,69,11116.639892,True,0.04996081814169884
-0.406332,32,11116.701655,True,0.048464030027389526
4.906662,1,11116.710632,True,0.02518320269882679
-12.716743,82,11118.627651,True,0.049062278121709824
-5.346358,53,11120.429648,True,0.049550529569387436
-0.258249,33,11122.152682,True,0.047223590314388275
0.996837,33,11122.213109,True,0.04943566024303436
-3.066402,48,11123.986811,True,0.048882290720939636
-1.689662,35,11125.744018,True,0.0497845895588398
0.102862,42,11125.833679,True,0.048914507031440735
1.894851,27,11127.706693,True,0.04984661564230919
-0.067282,33,11127.760643,True,0.04900805652141571
-12.426601,103,11131.448746,True,0.04871533811092377
2.779341,16,11131.499346,True,0.04900466650724411
-10.877459,86,11133.470553,True,0.04828045889735222
1.149583,24,11135.279191,True,0.04793306440114975
-28.638948,208,11140.970688,True,0.049347884953022
4.935122,1,11140.984345,True,0.007649610750377178
-10.320726,55,11142.824484,True,0.04694189876317978
-4.546905,67,11144.57735,True,0.0498211495578289
3.185448,13,11144.601781,True,0.04923933744430542
1.503898,24,11146.321431,True,0.04857612028717995
-19.16335,133,11149.757033,True,0.04907190427184105
-3.036667,47,11149.846595,True,0.04923534393310547
1.364955,26,11151.677562,True,0.049285586923360825
0.108959,35,11151.749755,True,0.04936487600207329
4.916572,1,11151.757169,True,0.03909649699926376
-4.894228,58,11153.604712,True,0.0473511777818203
-1.498271,33,11155.493307,True,0.048373594880104065
0.261135,28,11155.55428,True,0.04798995703458786
0.847871,27,11157.533931,True,0.047687921673059464
-1.417792,37,11157.595973,True,0.04975664243102074
-8.455511,85,11161.308046,True,0.04994611814618111
0.36942,33,11161.36775,True,0.04912366718053818
-2.829144,41,11163.187675,True,0.049984559416770935
-3.922733,60,11164.979715,True,0.04812786728143692
-3.059265,50,11165.064067,True,0.048256561160087585
4.921572,1,11165.080197,True,0.027599390596151352
2.377814,22,11166.92762,True,0.048384521156549454
3.008431,16,11166.955769,True,0.04927925392985344
4.672758,3,11166.966362,True,0.04732690379023552
2.65913,15,11167.001029,True,0.04986239969730377
0.040187,42,11168.81664,True,0.04935286194086075
-0.462925,29,11168.885288,True,0.04884026199579239
-1.468917,45,11170.771,True,0.04958261922001839
-2.475973,43,11172.89063,True,0.04934021085500717
3.614942,12,11172.923501,True,0.0487075112760067
-2.547924,54,11175.102603,True,0.04845082387328148
0.190109,28,11175.180366,True,0.04842274636030197
-4.611968,58,11177.091958,True,0.04982994496822357
-16.900798,104,11181.144896,True,0.04994281381368637
-14.403725,99,11183.045101,True,0.04906142130494118
-3.95436,59,11184.796769,True,0.0496913343667984
-11.190941,82,11188.559678,True,0.048340942710638046
0.366998,37,11188.621643,True,0.04885762184858322
-7.612227,57,11190.640353,True,0.049590207636356354
-9.213574,67,11192.82564,True,0.049010809510946274
-7.189447,61,11194.680773,True,0.04885035380721092
-7.311081,54,11196.510244,True,0.048623308539390564
-46.512733,500,11211.684147,False,0.05448421090841293
-14.989848,106,11213.561482,True,0.04950433224439621
-3.290251,41,11215.405415,True,0.04501833766698837
-11.623737,88,11217.329702,True,0.047890208661556244
-0.683842,37,11219.115048,True,0.04957963898777962
-9.557852,88,11220.981366,True,0.049676280468702316
2.546945,16,11222.757561,True,0.04917406663298607
-3.04597,53,11222.845594,True,0.04849295690655708
-5.402097,75,11226.435767,True,0.04830169305205345
-6.569486,46,11226.514443,True,0.04334656894207001
-13.750774,104,11230.09781,True,0.0490376316010952
-2.777232,56,11231.907988,True,0.04822394996881485
-4.548931,63,11233.596349,True,0.0498366504907608
-11.678984,108,11235.529624,True,0.049642812460660934
-1.666259,47,11237.317172,True,0.04973955824971199
-3.421775,50,11239.095392,True,0.04864209517836571
-0.925158,50,11240.84441,True,0.04964061826467514
-2.290447,43,11240.918128,True,0.049082327634096146
2.903976,15,11242.617894,True,0.04572652652859688
3.538536,11,11242.644363,True,0.04826686531305313
4.904586,1,11242.658326,True,0.030778905376791954
-9.92004,66,11244.394737,True,0.04893184080719948
-4.273509,68,11246.251928,True,0.04953059181571007
4.931145,1,11246.259077,True,0.02018037810921669
-2.499294,43,11247.977361,True,0.04905493184924126
-11.586057,75,11249.79968,True,0.04979288578033447
0.739663,35,11249.874844,True,0.04863126948475838
-9.07661,56,11251.638302,True,0.04753156006336212
2.978895,16,11251.674613,True,0.049964115023612976
-8.399967,73,11255.160465,True,0.04977250099182129
1.479804,25,11255.2159,True,0.04975908622145653
1.853712,20,11255.250378,True,0.04647111892700195
-16.891826,132,11258.902432,True,0.04675227776169777
-10.744915,94,11262.457824,True,0.04952593147754669
-3.044542,50,11264.284971,True,0.04896962270140648
0.662095,25,11264.338225,True,0.04780024290084839
-5.077951,55,11266.126072,True,0.049400776624679565
-7.580197,87,11268.018933,True,0.04917589947581291
-3.328953,61,11269.831537,True,0.049919165670871735
-12.645294,87,11273.391739,True,0.0478765107691288
0.904159,29,11273.441313,True,0.04781363531947136
-5.27463,56,11275.22789,True,0.049385834485292435
-18.487697,155,11278.934719,True,0.049764908850193024
-13.941709,106,11283.2377,True,0.04811451584100723
-3.601986,42,11285.092018,True,0.046479787677526474
4.879777,1,11285.103088,True,0.04580460861325264
-12.361628,117,11287.120547,True,0.048959147185087204
-7.245842,56,11288.998568,True,0.04838171601295471
-5.761166,61,11291.088906,True,0.04837515205144882
-0.894462,41,11293.048738,True,0.04794912040233612
-10.181632,74,11295.111916,True,0.04856497049331665
0.169027,31,11297.040695,True,0.0466916523873806
-6.013813,51,11297.151291,True,0.04958038777112961
-34.936457,171,11302.810157,True,0.049634017050266266
-7.349089,61,11304.834257,True,0.047958072274923325
-4.900813,54,11306.902691,True,0.04749198257923126
-3.395327,54,11308.933895,True,0.04891471937298775
-17.833254,136,11313.017815,True,0.04924113303422928
-2.530533,61,11315.003801,True,0.049204789102077484
-10.943075,71,11316.987895,True,0.0497477650642395
-7.538671,59,11319.051633,True,0.04950402304530144
0.313103,32,11319.108299,True,0.04738181456923485
-18.65597,96,11323.249042,True,0.048722680658102036
-5.268868,57,11325.345342,True,0.04917246848344803
-11.37348,74,11327.532318,True,0.04649316519498825
-1.282359,43,11327.608836,True,0.04964469373226166
-10.222605,90,11331.54141,True,0.04806169867515564
3.245714,13,11331.568998,True,0.04917796701192856
-5.173802,56,11333.427041,True,0.04764542356133461
1.36492,23,11333.464842,True,0.049996454268693924
-8.191332,73,11335.237019,True,0.04945730045437813
-3.855013,47,11337.042912,True,0.04731341451406479
-4.958071,57,11338.804995,True,0.04912058636546135
-12.091732,82,11340.62153,True,0.04931075870990753
-83.235214,500,11355.021729,False,0.10626855492591858
-76.025575,500,11369.427888,False,0.08393396437168121
-7.500419,76,11371.231454,True,0.04791800305247307
-15.028559,99,11374.84175,True,0.049131713807582855
-6.647195,63,11376.714325,True,0.047554004937410355
2.462933,20,11376.749231,True,0.0481502041220665
-4.983755,52,11378.691072,True,0.04994926229119301
-32.98763,186,11384.144547,True,0.04923926666378975
-4.264715,61,11385.908995,True,0.0496908538043499
0.934411,33,11385.964269,True,0.04990315064787865
-9.052982,63,11387.835012,True,0.048674821853637695
-0.999109,30,11389.650971,True,0.04436571151018143
-13.812437,98,11391.528238,True,0.04845813661813736
-5.411939,63,11393.296988,True,0.048393364995718
-0.449608,38,11395.122289,True,0.049502402544021606
0.492433,37,11395.183216,True,0.04948695749044418
-13.70937,106,11398.744385,True,0.04768338054418564
-3.212829,57,11400.542747,True,0.04956092685461044
-9.295889,75,11402.395319,True,0.04959011450409889
-18.4887,107,11405.984655,True,0.04987981170415878
-20.634429,124,11409.591728,True,0.04852266237139702
-47.550578,500,11422.660435,False,0.05614464357495308
4.923647,1,11424.342915,True,0.028953541070222855
-5.627087,44,11424.41406,True,0.04984137415885925
